date,tier,title,grid,clues_across,clues_down
2026-09-08,mini,Quick Solve,##F####/R#A####/A#SLIDE/I#T####/SPINNER/E#C####/#WETICE,"3. Forward glide out of the hack that establishes the stone's initial velocity | 4. Stone thrown with excessive rotation that fails to curl and tracks straight | 5. Degraded playing surface with standing water pooling on pebble, causing extreme drag","1. Condition where stones glide exceptionally far with minimal effort, requiring less push | 2. Shot that propels a stationary rock forward along its line into the house"
2026-09-08,midi,The Daily Grid,SIXENDMATCH/#####I#####/#####R###H#/###OPENDRAW/#F###C#R#C#/CROWNTRACK#/#E###I#G#C#/#E##ROLLOUT/#Z###N#I#P#/#EXTRAEND##/#####L#E###,1. Accelerated game format utilized in wheelchair leagues and youth developmental events | 4. Delivery to an unobstructed house played when no guards impede the target path | 7. Line tracking the apex ridge of a sheet where lateral curl is amplified | 8. Takeout shot that strikes the target rock and caroms completely out of the playing area | 9. Overtime period played to break a tied score after regulation ends,2. Sweeping method where the brush angle actively steers a stone's curl or holds its path | 3. Recessed indentation cast into the arena concrete floor to receive the hack | 5. Faint streak visible across frost or pebble caused by an accidental shoe scrape | 6. Precision touch shot that comes to rest nestled flush against an opponent's stone
2026-09-08,main,The Masterpiece,###R#####C##LSD/###U##I##O###I#/###BLACKGRANITE/##C###E##T###T#/##U###R##I###I#/SURFACETENSION#/##L###A##A###G#/BRIER#D##DIVOT#/##N###I##A###W#/##G###N##M###O#/##T###G##P#####/#TAP#####E#####/##P######Z#####/#PEBBLESIZE####/#########O#####,3. Common tournament abbreviation for the Last Stone Draw shootout preceding each draw | 6. Specific igneous quarry rock prized for high density and impact resistance in stone bodies | 8. Physical water property determining droplet profile and height when pebbling | 9. Annual Canadian men's championship whose winner hoists the silver Tankard | 10. Gouge in the sheet surface caused by an accidental stone drop or equipment strike | 11. Soft-weight delivery aimed to bump a stationary rock back by only a few inches | 12. Diameter of applied water droplets calibrated to regulate rock travel speed and curl,"1. Gentle, incidental deflection off a stationary rock that barely changes the shooter's line | 2. Iconic Italian mountain venue scheduled to host 2026 Olympic curling events | 4. Lying count with the two best rocks in the house during active play | 5. Mental discipline of tracking pebble decay and mapping changing sheet tracks | 7. Specialized low-friction adhesive applied to shoe soles before commercial sliders became universal"
2026-09-09,mini,Morning Coffee,CHATTER/O######/U######/N##D###/THIRD##/E##A###/RUNWAY#,"1. Rapid micro-vibration audible when a stone encounters rough pebble or frost | 3. Rink position delivering rocks five and six, traditionally holding vice-skip duties | 4. Pebbled corridor down the sheet continually smoothed by consecutive stone paths",1. Any stone lying within the house that counts toward a team's score at the conclusion of an end | 2. Shot delivered with just enough momentum to settle in the house without striking another stone
2026-09-09,midi,Midday Break,#N####F###P/#OUTDOORICE/#T##U#A###B/#I#HAMMER#B/#C##L#I###L/#K##G#N###E/#R##R#S#T#H/OUTSIDELANE/#L##P#R#P#A/#E####T###D/###########,"4. Natural surface subject to variable thawing, wind drifts, and ice cracks | 6. Advantage held by the team delivering the final stone of an end | 8. Sheet area situated toward the boundary boards away from the center corridor",1. Modern regulation prohibiting displacement of center-line guards touching the FGZ | 2. High-density foam pad seated inside the brush head to cushion sweep impact | 3. Perforated brass nozzle screwed onto a spray tank to produce ice water droplets | 5. Sweeping technique placing hands close together on the upper handle for rapid strokes | 7. Soft-weight delivery aimed to bump a stationary rock back by only a few inches
2026-09-09,main,Weekend Edition,##THERMALSIPHON/#C#E#######E###/ROTATIONALDECAY/#M#V#######L##E/#E#E#######I##S/#A###B####END##/#R#G#A###T#G###/#O#U#C###U#A###/#U#N#K#S#C#C###/#N#B#L#W#K#O###/#D#A#I#E#S#U###/###R#N#E#L#N###/#AIRDEWPOINT###/###E#####D#E###/PULLINGTHEBROOM,"1. Natural convection within floor pipes that can create temperature discrepancies | 5. Gradual deceleration of a stone's spinning rate as it nears its final rest | 8. Division of play consisting of sixteen delivered stones, eight per team | 12. Critical arena atmospheric metric managed by technicians to eliminate frost formation | 13. Skip adjusting target aim slightly wide or tight to compensate for sheet drift",2. Severe upward buckling of arena floors caused by freezing subterranean ground moisture | 3. Heavy takeout thrown specifically to eliminate an opponent's scoring stone and roll out | 4. Curving draw path played directly behind an established guard | 6. Sweeping call confirming the rock is light and requires active brushing to carry | 7. Border line behind the twelve-foot ring across which a stone is completely removed from play | 9. Tactical lane down the center line left open by rinks playing corner-guard strategies | 10. Delivery style popularized in Manitoba where the trailing foot is lifted high onto its toe | 11. Vigorously work the broom ahead of a moving rock to hold its line and carry distance
2026-09-10,mini,Brain Snack,SINKER/##I###/#SPLIT/P#P###/I#E###/NARROW,1. Delivery that unexpectedly loses its rotational curl and drives straight past the target | 3. Shot that hits a stationary stone to nudge both rocks into scoring positions | 5. Shot delivered inside the skip's broom line that risks crossing over too early,2. Blade tool dragged across pebbled ice to shear down sharp tips and level the running plane | 4. Central brass marker or screw hole drilled into the ice at the center of the button
2026-09-10,midi,Brain Teaser,BAILINGOUT#/U##########/R#N####H###/L#O####A#I#/INSIDETRACK/N#E####D#E#/G#H####L#L#/#SIGHTLINE#/##T#A##N#V#/####R##E#E#/####D####L#,"1. Tactical shift from an offensive plan to a defensive peel to limit damage | 5. Delivery lane running tight along the center corridor of the playing sheet | 6. Visual vector aligning the thrower's eye, delivery stick or stone, and skip's broom","1. Archaic Scottish term for tossing and swirling rough natural stones over lochs | 2. Strike where the shooter contacts the target stone dead-center, killing momentum | 3. Aggressive sweeping call shouted by a skip when a rock threatens to sail past its target | 4. The exact horizontal plane of the ice slab verified with optical surveying gear | 7. Urgent vocal directive bellowed by the skip demanding maximum downward brush force"
2026-09-10,main,Brain Bender,#####T#P###R##C/#####E#E##HOUSE/#####L#R###A##N/#####E#M###R##T/##WRISTACTION#E/#####C#F###F##R/SUBFLOORHEATING/##I##P#O###H##U/##T##I#SLIDER#A/##E##C#T###R##R/##R##B#####I##D/##S#DRIFT##N###/RUB##O#####G###/##AMMONIASYSTEM/##R##M#########,"5. The target area defined by concentric four-, eight-, and twelve-foot rings | 6. Subtle rotational flick of the wrist applied to impart rotation during release | 7. Electric grid beneath arena concrete preventing frost heave in sub-surface soil | 9. Teflon or stainless-steel sole worn on the sliding foot during delivery | 10. Unintended lateral displacement of a stone caused by minor sloping in the ice floor | 11. Gentle, incidental deflection off a stationary rock that barely changes the shooter's line | 12. Heavy-duty industrial refrigeration infrastructure utilized in large arena plants",1. Brush engineered with an adjustable-length shaft favored for coaching drills | 2. Deep frozen earth layer beneath permanent ice arenas that requires thermal monitoring | 3. Official trademark moniker of the Canadian Olympic Curling Trials | 4. Rock placed on the mid-line between hog and tee lines to anchor defensive ends | 8. Mechanical measuring wand pivoted around the twelve-foot circle to check margins
2026-09-11,mini,Commuter Special,#F##D##/FORFEIT/#R##U#O/#C##C#E/#E##E#C/######A/##SWEEP,"3. Automatic defeat registered against a squad that fails to ice a legal four-person team | 5. Use vigorous broom strokes to polish pebble, holding a rock's line and extending its carry","1. Tactical victory when defending without the hammer, holding the opponent to a single point | 2. Two-point score traditionally viewed as a successful offensive conversion with hammer | 4. Protective vulcanized rubber shield coating the front of the trailing slider shoe"
2026-09-11,midi,Perfect Puzzler,C#L#B######/ONEPOINT#C#/R#A#A####R#/N#D#R####U#/E#R#D##S#S#/R#O#W##O#H#/POCKETGUARD/E#K#I##R#A#/E###G##I#T#/L###H##C#I#/#FASTICE#O#,"4. The baseline score awarded when a single stone beats all opposing rocks in the house | 7. Shielding stone thrown specifically to protect a draw sitting in the outer wing | 8. Condition where stones glide exceptionally far with minimal effort, requiring less push","1. High-speed takeout executed specifically to remove an opposition guard on the wing | 2. Either of the opening pair of stones thrown in an end to establish early positioning | 3. Takeout thrown with momentum calibrated to bump softly against the rear bumpers | 5. Ice technician metric comparing water droplet volume to surface pebble density | 6. On-ice slang for soft, degraded surface conditions late in a marathon tournament"
2026-09-11,main,The Grand Grid,O#LIP#J###I####/U###A#O###C#L##/T#T#I#C###E#E##/S#HORSEHAIRPAD#/I#E#R#L###E#D##/D#R#U#YES#A####/E#M#N#N#E#D####/T#A#B#P#C#I####/RELEASEPOINT###/A#I#C#T#N#G####/C#N#K#E#D#S####/K#S###R###K####/##O###MULTIPLE#/##L###A###L####/CLEANING##L####,2. Raised ridge or imperceptible contour variation in the ice surface that alters rock travel | 8. Traditional bristle brush head historically legal before modern synthetic fabric bans | 9. Sweeping call confirming the rock is light and requires active brushing to carry | 11. Precise instant along the slide trajectory where the thrower lets go of the handle | 12. Substantial score of three or more points registered in a single frame | 13. Sweeping lightly ahead of a stone without applying heavy downward pressure,1. Delivery lane tracking along the outer wings near the boundary sideboards | 3. Advanced shot driving two aligned guards sequentially backwards into the scoring area | 4. Canadian Olympian and championship second who won national titles in two disciplines | 5. The mental ability to diagnose sheet drift and anticipate pebble wear patterns | 6. Front-end player responsible for setting early guards and sweeping six stones per end | 7. Insulated footbed placed inside curling shoes to block cold from the ice sheet | 10. Rink member who delivers the team's third and fourth stones of an end
2026-09-12,mini,Fast Five,##H##D#/#HOGGED/T#T##U#/I#H##C#/CRADLE#/K#N####/##DISH#,3. Violation called when a delivered rock fails to completely clear the far hog line | 5. Metal holding rack positioned behind the back line to store stones not in play | 6. Undesirable saucer-shaped low spot where water pools during the initial flooding phase,1. Colloquial term for a skip or thrower executing nearly one hundred percent of their shots | 2. Two-point score traditionally viewed as a successful offensive conversion with hammer | 4. Finesse shot that grazes a center guard toward the wing without removing it from play
2026-09-12,midi,Coffee Break,CORNERSPLIT/O###N##I##H/R###D##N##I/N######E##R/E######R##T/R#O#P##O##E/B#FROSTLINE/I#F#C##O##N/T###K######/E#KNEEPAD##/R###T######,1. Tactical play directing stones into opposite wings to split the opponent's focus | 7. Thickness threshold measured on outdoor lochs to ensure ice safety for bonspiels | 8. Cushioned guard strapped to the trailing knee by curlers who slide low to the ice,"1. Stone that just barely touches the outer twelve-foot circle at a four-o'clock or eight-o'clock angle | 2. Curling equivalent of an inning, consisting of sixteen stones delivered alternately | 3. Italian alpine town that hosted the 2006 Olympic curling tournaments | 4. Maximum theoretical stones that can remain in play before delivery number fourteen | 5. Directive shouted to sweepers to instantly cease brushing and step off the line | 6. Protected scoring zone nestled directly behind an established pair of guards"
2026-09-12,main,Heavy Hitter,##B##B#W####C##/##I##A#E####E##/##TOUCHINGLINE#/##E##K#G##I#T##/##R##L#H##P#E#B/#####I#T####R#R/#L###N####S#L#I/#SLIDERFRICTION/#D###T####R#N#E/P##B#O####I#E#S/A##U#H####B#G#Y/TESTROCK##E#U#S/C##T#G####R#A#T/H##O########R#E/#CENTERBURIED#M,5. Rule threshold stating a stone overlapping any painted boundary remains in play | 10. Microscopic resistance generated between the Teflon shoe sole and frozen pebble | 13. Calibrated stone thrown by ice technicians to time sheet speed before a draw | 14. Scoring rock resting on the button completely concealed behind center guards,1. Stone that barely grazes the outer twelve-foot margin of the house | 2. Classic interval timing split used by coaches to clock initial push-off velocity | 3. Velocity and momentum imparted to a stone upon release | 4. Shielding stone coming to rest precisely along the longitudinal axis of the sheet | 6. Raised ridge or imperceptible contour variation in the ice surface that alters rock travel | 7. Refrigeration pipe network pumping chilled glycol underneath the concrete floor | 8. Common tournament abbreviation for the Last Stone Draw shootout preceding each draw | 9. Drafting compass with adjustable marker arms used to outline concentric house circles | 11. Embroidered fabric crest sewn onto competition jackets celebrating tournament appearances | 12. The exact four-inch center circle of the house
2026-09-13,mini,Bite-Sized,CHILLER/####O##/#DRAW#S/####S#T/##SLIDE/####D#A/ICESEAL,1. Industrial compressor refrigeration unit circulating sub-zero brine underneath the floor | 3. Touch shot delivered to come to rest inside the rings without hitting another stone | 5. Forward glide out of the hack that establishes the stone's initial velocity | 6. Micro-thin water spray applied over painted circles to lock colors into place,2. The downhill side of a sloped sheet where moving stones slide away and fall off line | 4. Scoring one or more points in an end when not holding last-stone advantage
2026-09-13,midi,The Interlock,CROWN###T#I/####I#F#E#C/#HACKLINE#E/####L#N#W#D/####A#A#E#U/####S#L#I#S/#LASERSIGHT/####D#T#H##/####I#O#T##/####N#N####/#####WEIGHT,1. Deliberate convex ice slope running down the center corridor to enhance lateral curl | 6. Transverse line embedded in the ice upon which the delivery footholds are centered | 7. Training aid mounted to stone handles projecting a straight beam to verify delivery line | 8. Speed and forward force imparted to a stone during the slide and release,"2. Swedish skip who captured six World Men's Championships and 2022 Olympic gold | 3. Precise delivery speed calculated to glide to a complete stop directly on the tee line | 4. Microscopic frozen particles scraped up by heavy brushing or hard sliding stops | 5. The sixteenth and climactic delivery of an end, frequently deciding game outcomes"
2026-09-13,main,The Omnibus,#######S#SLASH#/#####S#K#I#####/#G###H#I#D#S###/#L###O#P#E#P#W#/#E###T#R#B#L#I#/ANGLEPROMOTION#/#N###E#C#A#T#G#/#H###R#K#R#####/COLDICE##DEBRIS/#W###E###B####W/#A###N#CROSSICE/#R###T###U####E/#D#BLANKING###P/#####G###C#####/DOUBLEBITERS###,"2. High-velocity takeout aimed across an angle to eliminate two stones separated laterally | 7. Striking an offset guard at an angle to drive it diagonally into counting position | 8. Playing surface cooled below optimum temperature, creating heavy friction and less curl | 9. Stray brush hairs or dirt on the sheet that pose a hazard for moving stones | 11. Sweeping angle oriented perpendicular to rock travel to maximize pebble contact | 12. Deliberately throwing through the rings with hammer to maintain last-stone advantage | 13. Rare scoring situation where two separate rocks simultaneously graze the outer ring",1. Either of the final two decisive stones delivered by a rink to conclude an end | 2. Dead-ball violation triggered instantly when a rock makes physical contact with the perimeter timber | 3. Official statistical grading awarding zero to one hundred points per shot | 4. Ontario skip who competed in a record-setting number of career Brier games | 5. Shot hitting an outside rock to nudge both stones into scoring territory | 6. Portion of the sheet situated outward near either boundary beyond the four-foot line | 10. Vigorously work the broom ahead of a moving rock to hold its line and carry distance
2026-09-14,mini,Micro Grid,#C#DISH/#O#I##O/CARVING/#C#O##L/#H#T##I/######N/SOURICE,"2. Undesirable saucer-shaped low spot where water pools during the initial flooding phase | 4. Advanced sweeping technique orienting brush angles to actively steer stone curl | 5. On-ice slang for soft, degraded surface conditions late in a marathon tournament",1. Bench tactician permitted to consult with players during designated timeouts | 2. Gouge in the sheet surface caused by an accidental stone drop or equipment strike | 3. Transverse threshold a delivered stone must cleanly cross to remain legally in play
2026-09-14,midi,Noon Spark,TOEDRAG#E##/###O####I#T/#BRUSHANGLE/G##B####H#F/U##L####T#L/ALTERNATE#O/R##R####N#N/D##A####D#D/#GRIPTAPE#I/###S####R#S/###E######C,1. Trailing the toe of the sliding shoe along the ice to stabilize delivery balance | 5. Orientation of the broom head relative to stone travel used to steer curl | 7. Fifth player on an elite roster permitted to substitute between ends or games | 8. Textured tacky adhesive wrapped around carbon broom shafts for hand traction,2. Complex promotion shot driving one stone into a second to propel a third forward | 3. Curling equivalent of a perfect game where a team scores every rock in an end | 4. Replaceable circular sliding puck recessed into custom curling shoe outsoles | 6. Rock deliberately positioned between the hog line and house to shield a scoring path
2026-09-14,main,Crucible,######A########/C##INICEDISPLAY/H#B###C########/ARENALIGHTING##/M#A###D##I#####/O#D###E##M#####/N#D###N##E#####/ICEDEPTH#O#####/X#N###A##U#####/##SATELLITEROCK/##I###T##C#####/ROTATIONALSPEED/##Y###U##O#####/######C##C#####/######HACK#####,"3. Digital electronic display panel frozen beneath the ice surface for spectator score data | 5. High-bay LED system engineered to illuminate pebble evenly without warm spots | 7. Thickness of the competition ice pad, standard between 1.25 and 1.5 inches | 8. An isolated guard positioned wide out toward the boundary sidelines | 9. Rate of angular rotation completed by a delivered stone as it travels down ice | 10. Foot-hold embedded into the ice from which deliveries are launched",1. Unintentional contact with a moving rock triggering burnt-stone penalties | 2. French alpine host city of the inaugural 1924 Olympic curling competition | 4. Calculated quantity of frozen water droplets per square foot on freshly pebbled ice | 6. Digital display timing the sixty-second coach consultation window during stoppages
2026-09-15,mini,Quick Solve 2,#R###M#/#U###I#/#BURNT#/###I#T#/LOUNGE#/###G#N#/####LSD,3. Infraction called when a player or broom makes contact with a moving stone | 5. Clubhouse viewing room where spectators and curlers watch games through glass panels | 6. Common tournament abbreviation for the Last Stone Draw shootout preceding each draw,"1. Gentle, incidental deflection off a stationary rock that barely changes the shooter's line | 2. Thermal fleece or leather handwear favored by front-end sweepers in cold sheds | 4. Any of the three circular boundaries that establish scoring territory in the house"
2026-09-15,midi,The Daily Grid 2,#POINTSGAME/#A##I#####N/#I##PEEL##D/#N##P######/STONEDIAL##/#E##R###I##/#D######PIT/#R#########/KICKPLATE##/#N##I######/#G##N######,1. Nineteenth-century solo competition evaluating execution across standardized shots | 4. Delivery thrown with heavy force designed to eliminate both a guard and the shooter itself | 5. Gauge deployed by stone technicians to measure running-surface circular tolerance | 7. Recessed ice trough behind the hacks designed to catch excess pebble water and melt | 8. Vertical rubber backing against which a thrower braces the rear foot inside the hack,"1. Specialized vinyl pigment applied over base ice to outline colored scoring rings | 2. Grooming blade dragged across frozen pebble to trim peaks and flatten running tops | 3. Standard division of play consisting of sixteen delivered stones, eight per team | 6. Raised ridge or imperceptible contour variation in the ice surface that alters rock travel | 9. Central brass marker or screw hole drilled into the ice at the center of the button"
2026-09-15,main,The Masterpiece 2,###R#######S###/POWERPLAYOPTION/###P#######E###/###L#GRANDMATCH/#R#A#######L###/#A#C###########/LINEPERCENTAGE#/#S#D###########/MEASURINGSTICK#/###T######A####/#BROOMSTACKING#/###N######E####/LASERLINEATION#/##########W####/####AIRVELOCITY,"3. Mixed doubles rule permitting a team to shift pre-placed stones to corner lanes | 4. Centuries-old Scottish outdoor festival congregating hundreds of curlers on frozen lochs | 6. Analytical metric tracking how accurately a thrower delivers stones down the broom line | 7. Telescopic rod fitted with a dial gauge used to determine which stone is closer to the pin | 9. Post-match social tradition where opposing rinks sit together for drinks and conversation | 10. Diagnostic tool projecting calibrated light lines across sheets to reveal ice dips | 11. Speed of HVAC airflow across the ice sheet, regulated to prevent localized drafts",1. Rock restored to its previous position after being displaced by an illegal touch | 2. Scoring points in an end when not in possession of the hammer | 5. Shot that bumps a teammate's rock forward along its path closer to the button | 8. Tactical decision with hammer to settle for a pair of points rather than forcing a blank
2026-09-16,mini,Morning Coffee 2,#S#####/#HANDLE/#E#A###/DEBRIS#/#T#R###/###O###/###WHOA,2. Bolted plastic grip atop a granite stone used by the thrower to impart rotation | 4. Stray brush hairs or dirt on the sheet that pose a hazard for moving stones | 5. Instruction to stop brushing and allow natural friction to curve the moving rock,"1. The complete rectangular strip of prepared ice bordered by hog, tee, and back lines | 3. Shot delivered inside the skip's broom line that risks crossing over too early"
2026-09-16,midi,Midday Break 2,#####P###L#/S##SCOTTIES/P####S###S#/I#P##T###H#/E#I##G#S#A#/LANEMARKER#/#####M#I#R#/MATCHEDPAIR/#########S#/#########O#/###FORCEONE,4. Canadian women's national championship sponsored for decades by Kruger Products | 7. Visual boundary indicator mounted on side boards to demarcate sheet limits | 8. Two stones allocated to an individual player exhibiting identical curl and speed | 9. Defensive strategic objective holding the hammer team to a single point,1. Team debriefing session analyzing shot percentages and strategic execution | 2. Canadian sports leader who served as president of the World Curling Federation | 3. Colloquial abbreviation for a weekend or multi-day curling tournament | 5. Central brass marker or screw hole drilled into the ice at the center of the button | 6. Rink captain who directs strategy from the house and usually plays fourth stones
2026-09-16,main,Weekend Edition 2,####C######H###/##FROST####E###/L###U##T#COACH#/I###R##I###V###/PIVOTMECHANISM#/####E##K###E###/#AMOSMOSANER###/####Y##H###R###/HANDLEBOLT#O#C#/####I##T###C#H#/#POINT#R#D#K#A#/####E##U#I###N#/######FLATSTONE/#######E#C###E#/#########H###L#,3. Airborne humidity crystalizing on the ice surface that creates drag and slows rocks | 6. Bench tactician permitted to consult with players during designated timeouts | 7. Universal swivel coupling linking the broomhead to the handle for directional control | 8. Italian powerhouse who partnered with Constantini to win 2022 Olympic mixed doubles gold | 9. Threaded steel bolt traversing the stone core to anchor the plastic handle assembly | 11. Basic scoring unit awarded for each counter closer to the pin than any opposing rock | 13. Delivery executed with zero handle rotation that drifts unpredictably off course,1. Boundary marking on side boards indicating clearance limits for out-of-play stones | 2. Stone with a coarse running surface that demands increased pushing force | 4. Raised ridge or imperceptible contour variation in the ice surface that alters rock travel | 5. World Curling regulation barring displacement of center guards touching the center line | 10. Groove gradually worn into pebble by repeated stones tracking the identical path | 12. Recessed channel situated behind the backboard to collect out-of-play stones
2026-09-17,mini,Brain Snack 2,#W##K##/WARPING/#R##C##/#M#SKIP/#I##O#O/#C##F#R/#E##F#T,3. Structural curvature of the concrete arena floor caused by permafrost swelling | 4. Team strategist who calls shots from the house and traditionally throws fourth,1. Surface running close to freezing temperature that softens pebble and slows rock glide | 2. The explosive initial drive of the hack foot that powers the delivery slide | 5. Narrow corridor between two stationary stones through which a delivered rock must pass
2026-09-17,midi,Brain Teaser 2,B#######R#S/R###N###E#T/A###A#END#O/S###T###C#N/S#TOUCHLINE/S###R###R#D/L#LEAD##C#I/I#S#L#D#L#A/D#D#I#I#E#L/E###C#S####/RACHELHOMAN,"5. Division of play consisting of sixteen delivered stones, eight per team | 6. Boundary line separating the legal ice playing area from the side ditches | 7. Front-end player tasked with setting initial guards and sweeping six stones per end | 9. Ontario skip who captured multiple Scotties crowns and a World Women's Championship",1. Historic non-ferrous metal sliding sole utilized by competitive twentieth-century curlers | 2. The intermediate four-foot scoring circle painted red in standard Olympic houses | 3. Gauge deployed by stone technicians to measure running-surface circular tolerance | 4. Unrefrigerated sheet frozen outdoors on ponds or inside unheated timber sheds | 7. Common tournament abbreviation for the Last Stone Draw shootout preceding each draw | 8. Undesirable saucer-shaped low spot where water pools during the initial flooding phase
2026-09-17,main,Brain Bender 2,##########P####/##S###A###A####/R#HANDLESWITCH#/U#E###B###N####/BLANK#E###T####/##R###R###E#H##/#LASTSTONEDRAW#/##N###A###R#C##/##G###C##RINK##/##L###U###N#B##/##E#CURLINGBOOT/######L#####L##/#ARENAICE###T##/######N########/CURLINGJACKET##,"5. Internal sensor circuit detecting when a curler's fingers grip the handle | 6. Scoreless frame intentionally played to retain the last-stone advantage into the next end | 8. Pre-game shootout where individual deliveries to the button determine hammer advantage | 9. Four-person curling squad, or the ice facility in which the match is staged | 10. Insulated leather footwear equipped with customized slider and gripper soles | 11. Engineered temporary sheet installed over stadium concrete for televised championships | 12. Insulated zip-front team outerwear displaying national or provincial logos","1. Specialized vinyl pigment applied over base ice to outline colored scoring rings | 2. Optimal broomhead attack angle calibrated to maximize pebble flattening per stroke | 3. Curling powerhouse home to multi-time world champions Kevin Martin and Randy Ferbey | 4. Gentle, incidental deflection off a stationary rock that barely changes the shooter's line | 7. Heavy-duty anchor bolt securing the rubber hack assembly into the concrete slab"
2026-09-18,mini,Commuter Special 2,SLICING/U######/BACKEND/Z######/E#E####/RUNBACK/O#D####,1. Delicate throwing mechanic imparting an intentional outward release angle to manipulate curl | 2. Collective term for the third and skip who dictate strategy and play final stones | 4. Takeout where a shooter strikes a guard to drive it into a target stone deeper in the house,"1. Brine temperature range circulating beneath the concrete to maintain ice firmness | 3. Curling equivalent of an inning, consisting of sixteen stones delivered alternately"
2026-09-18,midi,Perfect Puzzler 2,####K###N#S/#EDGEPOLISH/####V###P#A/##SLIDERPOD/####N###E#O/#POCKETDRAW/####O###B#L/FORFEIT#L#I/########A#N/FALSEHANDLE/########E##,"4. Specific microscopic smoothing applied to the stone's running band to restore factory curl | 5. Interchangeable circular Teflon puck attached to custom curling shoe soles | 6. Finesse delivery threaded between guards into a concealed, sheltered scoring pocket | 7. Automatic defeat registered against a squad that fails to ice a legal four-person team | 8. Deceptive hand rotation where the thrower twists the wrist without rotating the rock core",1. Four-time Brier champion skip celebrated for remarkable last-rock clutch shotmaking | 2. Honed cutting edge mounted on a leveling sled to trim pebble tops to an even plane | 3. Faint optical illusion across pebbled ice caused by uneven overhead arena fixtures
2026-09-18,main,The Grand Grid 2,P###H##T#######/E###A##H#####P#/E#BARRIERSTONE#/L###D##R#####B#/W#W####M##L##B#/E#H##DEADHANDLE/I#O####L##K##E#/GUARDINGTHEPIN#/H##U#C#R##P##I#/T##N#E#A##L##P#/#HOTHAND##A##P#/###I#G#I##C##L#/###M#I#E##I##E#/###E#N#N##D####/#####G#T#######,5. Rock resting near the back line acting as a catcher to trap incoming tap-backs | 8. Stone thrown with virtually no rotation that drifts unpredictably off its line | 9. Stationing a stone directly on the center line to block access to the button | 12. Colloquial term for a skip or thrower executing nearly one hundred percent of their shots,1. Maximum throwing velocity deployed to eliminate both the target guard and shooter | 2. Urgent vocal directive bellowed by the skip demanding maximum downward brush force | 3. Temperature differential across the ice surface that alters local curl behavior | 4. Brass sprinkler nozzle screwed onto the pebbler tank to discharge water droplets | 6. Instruction to stop brushing and allow natural friction to curve the moving rock | 7. American host city of the historic 1932 Olympic curling demonstration matches | 10. The total elapsed seconds a thrown stone takes from hack release to complete rest | 11. Gradual smoothing and deterioration of ice pebble over ten frames of heavy competition
2026-09-19,mini,Fast Five 2,TOECOAT/I#N###A/M#D###P/E####D#/OUTTURN/U####A#/T#CROWN,1. Durable polyurethane layer painted over the trailing shoe to reduce sliding drag | 5. Counterclockwise rotation imparted on a stone by a right-handed thrower | 6. Deliberate convex ice slope running down the center corridor to enhance lateral curl,"1. Sixty-second tactical pause requested by a rink to confer with their coach | 2. Standard division of play consisting of sixteen delivered stones, eight per team | 3. Soft-weight delivery aimed to bump a stationary rock back by only a few inches | 4. Touch shot delivered to come to rest inside the house without striking another stone"
2026-09-19,midi,Coffee Break 2,##########C/S#######S#O/TAMOSHANTER/I#######E#N/CURLINGCANE/K#U#####L#R/##NOSEHIT#S/##W#####W#P/#TAPANDROLL/##Y#######I/##########T,"4. Traditional Scottish bonnet worn by pioneering curlers during outdoor bonspiels | 5. Walking crutch adapted with non-slip rubber ferrules for senior club curlers | 7. Strike where the shooter contacts the target stone dead-center, killing momentum | 8. Soft hit bumping an opponent's rock deeper while rolling into active cover","1. Tactical play directing stones into opposite wings to split the opponent's focus | 2. Assisted delivery device permitted for recreational play and wheelchair competition | 3. Scoring two points without last-stone advantage, drastically flipping win probability | 6. Pebbled corridor down the sheet continually smoothed by consecutive stone paths"
2026-09-19,main,Heavy Hitter 2,#P#####M#####P#/#O###T#A#####R#/#W###R#T#C###A#/#E###E#C#O###C#/#R#T#M#H#R###T#/#PROMOTION###I#/#L#E#L#N#B###C#/CATCHINGARUNNER/#Y#A#T###O###S#/###P#E###O###E#/W########M###S#/I####ANGLERAISE/D########R###I#/ERNIERICHARDSON/#############N#,7. Advancing a teammate's rock closer to the center by striking it from behind | 8. Sweeping mishap where the broomhead physically touches the moving stone | 10. Shot striking a guard obliquely to promote it into the house along an angled path | 11. Legendary Saskatchewan skip nicknamed 'The King' who captured four Brier titles,"1. Mixed doubles tactical option that positions the pre-placed stones out to one side | 2. Process of testing and pairing stones based on identical running speeds and curl profiles | 3. Designated pre-game warmup window allowing teams to test sheet curl and speed | 4. Fibrous mineral naturally embedded within Ailsa Craig granite matrices | 5. Mid-century period marked by straw brushes that left debris across unsealed natural ice | 6. Protective vulcanized rubber shield coating the front of the trailing slider shoe | 9. Delivery that tracks outside the skip's target broom, often struggling to curl back in time"
2026-09-20,mini,Bite-Sized 2,SCRAPER/#L#####/PUSHOUT/#T#O###/#T#U###/MEASURE/#R#E###,1. Precision conditioning machine fitted with micro-adjustable blades to level the sheet | 3. Delivery flaw where the curler shoves the handle away from the body's center line | 5. Brass mechanical gauge deployed by the umpire to resolve stones equidistant from the pin,"2. Tactical condition featuring numerous stones congested in and around the house | 4. The target area defined by concentric four-, eight-, and twelve-foot rings"
2026-09-20,midi,The Interlock 2,TIMEDEND###/##A######S#/##T#T##G#P#/TICKANDROLL/##H#L##I#I#/##U#L##P#T#/##M#G##P###/##P#U##E###/#HITANDROLL/##R#R#####S/##E#D##HARD,1. Regulation format where each team operates under a strict game-clock allocation | 6. Delicate graze on a guard rock that nudges it aside while rolling to safety | 7. Shot that strikes a target stone and caroms across the sheet behind cover | 9. Urgent vocal directive bellowed by the skip demanding maximum downward brush force,"2. Tournament official assigned to monitor sheet etiquette, time rules, and conduct | 3. Shot hitting an outside rock to nudge both stones into active scoring positions | 4. Guard stopping near the hog line that provides a broad protective shadow | 5. Rubber slip-on cover protecting the sliding sole when moving across the ice between shots | 8. Common tournament abbreviation for the Last Stone Draw shootout preceding each draw"
2026-09-20,main,The Omnibus 2,######D###S####/###T##R###P####/###R#TOESLIDER#/##PIT#P###R####/###P##K###I####/###L##N###T####/REVERSEOSMOSIS#/###K##E###F####/###N##SHAFTFLEX/###O##L###H####/#BACKRINGWEIGHT/#R#K##D###G####/#I#O#MESHBANNER/#E#U######M####/#RETAINEDWEIGHT,4. Compact Teflon disc mounted beneath the shoe toe for curlers using a tuck slide | 5. Recessed ice trough behind the hacks designed to catch excess pebble water and melt | 6. Advanced water filtration method standard in competitive ice facilities | 7. Degree of mechanical bending permitted by carbon-fiber broom handles during heavy brushing | 8. Draw momentum calibrated to come to rest on the outer twelve-foot rear margin | 9. Porous fabric sign embedded into frozen sheet ice without disrupting pebble bonding | 10. Residual kinetic energy remaining in a stone as it completes its final rotation,"1. Delivery mechanic where the curler rests the trailing knee flat against the ice | 2. Guiding code emphasizing sportsmanship, honesty, and self-policing of fouls | 3. Tournament format where teams navigate A, B, and C brackets before elimination | 8. Annual Canadian men's championship awarding the silver Tankard"
2026-09-21,mini,Micro Grid 2,##K####/BEERJUG/##E#U#L/##N#N#Y/#WICK#C/##C###O/##E###L,2. Pitcher of ale traditionally purchased by the winning rink during post-game broomstacking | 5. Glancing deflection off a stationary rock used to angle the shooter into position,"1. Low-friction surface conditions where stones glide effortlessly with minimal push | 3. On-ice slang for a congested end packed with corner guards, biters, and frozen rocks | 4. Chilled antifreeze chemical compound pumped through sub-slab refrigeration tubes"
2026-09-21,midi,Noon Spark 2,#COINTOSS##/Y######T###/E######R###/SPIEL##A#F#/####A##I#R#/PIVOTLEG#O#/#N##E##H#N#/#T##H##T#T#/OUTDOORICE#/#R##O##C#N#/#N##K##E#D#,"1. Opening procedure frequently used before games to establish stone color or practice order | 4. Colloquial abbreviation for a weekend or multi-day curling tournament | 7. Trailing limb tucked underneath the torso to provide stability throughout the sliding phase | 9. Natural surface subject to variable thawing, wind drifts, and ice cracks","2. Playing condition with minimal lateral curl, forcing flatter delivery lines | 3. Sweeping call confirming the rock is light and requires active brushing to carry | 5. Dramatic, sharp lateral curl occurring during the final three feet of deceleration | 6. Collective term for the lead and second who perform the bulk of a team's sweeping | 8. Clockwise rotation imparted on a stone by a right-handed thrower"
2026-09-21,main,Crucible 2,S######S###S###/TAP#PICK###A###/R##S###I###N###/A##H##SPLITDRAW/I##O#U#####R###/G##T#M#H#SLASH#/H##R#P#O###S#A#/THROWINGPERCENT/L##C#R#T###H#D#/I##K#E#O###M#S#/N####G#H###I#H#/E##DIAMONDTREAD/#####U#G###L#K#/#####G#####E#E#/##TAKEOUT##R###,4. Soft-weight delivery aimed to bump a stationary rock back by only a few inches | 5. Disaster shot where a traveling rock encounters ice debris and veers sharply off line | 7. Delicate carom contacting an outside rock so both stones roll into counting position | 10. High-velocity takeout aimed across an angle to eliminate two stones separated laterally | 12. Individual statistical rating averaging all shot execution scores across a match | 13. Cross-hatched rubber grip molded into the hack base to stop foot slippage | 14. Heavy-weight delivery intended to remove an opponent's rock from play,1. Initial direct vector tracked by a thrown rock before deceleration triggers curl | 2. Rink captain who directs strategy from the house and usually plays fourth stones | 3. Iconic Saskatchewan skip who won three world titles and the 1998 Olympic gold | 6. Stone lying closest to the center pin at any given moment during or after an end | 8. Feeler tool used by tournament referees to verify legal stone clearance under the hog line | 9. Standard interval stopwatch timing method used to calculate rock velocity over fifty feet | 11. Customary post-game ritual marking the official and respectful conclusion of play
2026-09-22,mini,Quick Solve 3,####OFF/##R###R/CLUBICE/##N###E/##N###Z/#WETICE/##R####,"1. Directive shouted to sweepers to instantly cease brushing and step off the line | 4. Dedicated permanent sheet ice maintained for seasonal league play by community clubs | 5. Degraded playing surface with standing water pooling on pebble, causing extreme drag",2. Mastery shot that draws directly to touch an opponent's rock without displacing it | 3. High-velocity stone thrown to punch cleanly through guards and blast targets away
2026-09-22,midi,The Daily Grid 3,RESURFACING/##H#E##H###/#HEADWEIGHT/##A#R##P###/#ARROWPATH#/##P#C##N###/##L#K##D###/##A#S#BRIER/PIN####O###/##E####L###/#######L###,"1. Complete ice-maintenance sequence involving scraping, flooding, and pebbling | 5. Downward muscular force focused directly onto the broom head while sweeping | 6. Theoretical dead-straight vector traveled by a completely unspun delivered stone | 7. Annual Canadian men's championship whose winner hoists the silver Tankard | 8. Central brass marker or screw hole drilled into the ice at the center of the button",2. Microscopic friction layer between pebble crowns and the moving stone base | 3. One of two primary stone handle colors designated for official competition play | 4. Precision strike that clips the outer edge of a target stone to spin behind cover
2026-09-22,main,The Masterpiece 3,###C##T####S###/THROWERSWEEPING/#U#L##I####I###/#M#O#SPIEL#R###/#I#R##L#N##I###/#D#SIXENDMATCH#/#I#E##T####O###/#T#L##A####F###/#Y#E##K##WICK##/#S#C##E####U###/#E#T#DOUBLEROLL/#N#I##U####L###/#S#O##TEEWEIGHT/#O#N#######N###/#R#########G###,4. Tactical move in mixed doubles where the thrower springs from the hack to brush | 6. Colloquial abbreviation for a weekend or multi-day curling tournament | 8. Accelerated game format utilized in wheelchair leagues and youth developmental events | 9. Glancing deflection off a stationary rock used to angle the shooter into position | 10. Shot that caroms off a target rock and simultaneously propels both stones behind cover | 11. Precise delivery speed calculated to glide to a complete stop directly on the tee line,"1. Choice between red or yellow stone handles awarded to higher-seeded tournament rinks | 2. Spectacular high-velocity shot that successfully removes three opposition rocks | 3. Traditional code of sportsmanship celebrating mutual respect and self-policing of rule infractions | 5. Ceiling hygrometer monitoring ambient moisture levels to prevent sheet frost | 7. Division of play consisting of sixteen delivered stones, eight per team"
2026-09-23,mini,Morning Coffee 3,###RUB#/#F###I#/#O###T#/DRYSHED/#C###R#/PEEL###/#######,"1. Gentle, incidental deflection off a stationary rock that barely changes the shooter's line | 4. Rink environment where industrial dehumidifiers maintain optimum low air moisture | 5. High-velocity strike engineered to remove a target guard while spinning the shooter out of play",2. Stone barely overlapping the outermost edge of the twelve-foot circle | 3. Defensive victory achieved by restricting a hammer team to a single point
2026-09-23,midi,Midday Break 3,########B##/##PUSHTHROW/####E###O##/#FANCYPANTS/####O###Z#I/####N###E#X/#SLIDER#M#E/####R###E#N/GLYCOL##D#D/####C###A#E/STICKCURLER,2. Recreational delivery executed without sliding by stepping forward from the hack | 4. Media moniker for the flamboyant diamond-print trousers sported by Team Norway | 6. Slick material fixed beneath the sliding shoe to reduce friction during delivery | 7. Chilled antifreeze chemical compound pumped through sub-slab refrigeration tubes | 8. Competitor who executes deliveries from an upright stance using an extender pole,"1. Consolation podium contest between losing semifinalists at major championships | 3. Stones delivered by the second player, usually tasked with setup or early hits | 5. Massive six-point score registered in a single frame, virtually deciding a contest"
2026-09-23,main,Weekend Edition 3,########D#D###B/#PANCONTINENTAL/###A####V#F###A/###R####O#LSD#N/###R##B#T#E###K/###O##A###C##T#/###W##L###T##I#/######A###I##M#/#CURLINGHOODIE#/######C###N##C#/GOOSENECKHANDLE/######C###N##O#/ICESCRAPINGS#C#/######N###L##K#/HEAVYPEBBLE####,4. Championship event serving as World Championship qualification for non-European nations | 6. Common tournament abbreviation for the Last Stone Draw shootout preceding each draw | 9. Thermal technical pullover worn by modern competitive curlers during games | 10. Vintage arched cast-iron handle found on nineteenth-century Canadian stones | 11. Fine powdered frost piled along perimeter walls after nipping and scraping | 12. Water droplet application using coarse spray to construct durable base pebble,"1. Gouge in the sheet surface caused by an accidental stone drop or equipment strike | 2. Resulting vector followed by the shooting rock after an off-center collision | 3. End concluded with zero stones in the house, maintaining last-stone advantage | 5. Shot delivered inside the skip's broom line that risks crossing over too early | 7. Stability crutch gripped in the non-throwing hand to aid slide balance | 8. Overhead digital display monitoring allotted team thinking duration per game"
2026-09-24,mini,Brain Snack 3,##T##K#/SHAVING/L#N##E#/I#K##E#/DRAW#P#/E#R##A#/##D##D#,3. Fine sliver of ice sheared from pebble peaks by the scraper knife during grooming | 4. Shot delivered with just enough momentum to settle in the house without striking another stone,1. The prestigious silver trophy hoisted annually by Canadian Brier champions | 2. Cushioned guard strapped to the trailing knee by curlers who slide low to the ice | 3. Forward glide out of the hack that establishes the stone's initial velocity
2026-09-24,midi,Brain Teaser 3,#B####B#F##/#R####L#L##/#A####A#A##/#S####DITCH/#S####E#S##/#HEAVYHIT##/#A####O#O##/#N####N#N##/#D#DELIVERY/#L####N####/CEILINGDRIP,4. Recessed channel situated behind the backboard to collect out-of-play stones | 5. High-velocity delivery launched with maximum power to ensure complete removal | 6. The complete biomechanical motion of sliding and releasing a stone from the hack | 7. Condensation falling from overhead arena steel that creates deformities on ice,1. Historic metallic handle assembly utilized before standard molded plastics | 2. Precision sharpening process required to maintain razor edges on scraper knives | 3. Delivery executed with zero handle rotation that drifts unpredictably off course
2026-09-24,main,Brain Bender 3,#######R#######/#END###E#######/###U###D#######/#REDLIGHTFLASH#/T##D###O#R##L##/A##I###G#O##O##/POINT##L#S##W#G/###G#COINTOSS#H/HOUSE##N#P##H#O/###T###E#O##E#S/#BROOMPLACEMENT/###N###I#K##T#R/#######G#E####O/#######H#T####C/PULLTEST###RINK,"2. Curling equivalent of an inning, consisting of sixteen stones delivered alternately | 4. Visual sensor warning triggered on the handle when a hog-line foul occurs | 8. Basic scoring unit awarded for each counter closer to the pin than any opposing rock | 10. Opening procedure frequently used before games to establish stone color or practice order | 11. The target area defined by concentric four-, eight-, and twelve-foot rings | 12. Target aim point held on the ice sheet by the skip to guide the thrower's line | 13. Technical inspection measuring stone handle resistance and rotational smoothness | 14. Four-person curling squad, or the ice facility in which the match is staged",1. Visual sensor alert signaling a thrower failed to release before the hog line | 3. Scottish club whose 1804 published constitution established modern curling laws | 5. Localized depression on a sheet where ambient humidity condenses into frost | 6. High-friction ice condition requiring heavy pushing force to carry rocks into the house | 7. Soft-weight delivery aimed to bump a stationary rock back by only a few inches | 9. Mysterious shot that abruptly loses momentum without any visible debris on the sheet
2026-09-25,mini,Commuter Special 3,TOECOAT/###O##I/CURL##C/###D##K/###I###/DEUCE##/###E###,1. Durable polyurethane layer painted over the trailing shoe to reduce sliding drag | 4. The lateral curved trajectory traveled by a stone as its rotational speed decays | 5. Two-point score traditionally viewed as a successful offensive conversion with hammer,"2. Playing surface cooled below optimum temperature, creating heavy friction and less curl | 3. Delicate carom shot that displaces a center guard toward the wings without knocking it out"
2026-09-25,midi,Perfect Puzzler 3,#######T###/#######A###/#SPEEDDROP#/#H#####G#I#/FOULLINE#T#/#T#####T###/ICESHEDDOOR/#L#####R###/ROLLBEHIND#/#C#####L###/SKIPCALL###,2. Rapid deceleration experienced by a curling rock during its final three feet of motion | 4. Informal or archaic term for the transverse line marking the delivery release limit | 5. Insulated heavy doorway separating the warm lounge from the freezing ice arena | 6. Takeout that caroms the shooter sideways to settle safely behind an established guard | 7. Shot choice and broom placement indicated on the ice by the team captain,1. Practice drill placing plastic tokens on the sheet to master pinpoint weight control | 2. Digital timer displaying remaining seconds for a team to complete its delivery cycle | 3. Recessed ice trough behind the hacks designed to catch excess pebble water and melt
2026-09-25,main,The Grand Grid 3,##R#######P#S##/ICETHERMOCOUPLE/##L#######P#E##/#YES######P#E##/##A#S#####I#D##/##S#P#####N#S##/#RELEASEANGLE##/##V#E#####T#N##/##E#D#####H#S##/SPLIT####SECOND/##O#R#####R#R##/#SCRAPER##O####/##I#P#####C####/##T#######K####/DRYSCRAPE######,4. Electronic probe embedded within the ice to measure sub-surface temperatures | 5. Sweeping call confirming the rock is light and requires active brushing to carry | 7. Orientation of the handle relative to the broom line at the instant of release | 8. Shot that hits a stationary stone to nudge both rocks into scoring positions | 9. Rink member who delivers the team's third and fourth stones of an end | 10. Precision conditioning machine fitted with micro-adjustable blades to level the sheet | 11. Pre-draw maintenance run that shears high pebble tops without applying fresh hot water,"1. Initial speed of a rock measured immediately after the fingers leave the handle | 2. Jerking the delivery handle abruptly upon release, inducing hop and loss of line | 3. Radar or laser timing device tracking delivery velocity out of the hack | 6. Pair of optical timing sensors measuring interval velocity across the hog line"
2026-09-26,mini,Fast Five 3,L###B##/O#S#U#F/W#L#R#O/SPINNER/I#D#T#C/D#E###E/E######,5. Stone thrown with excessive rotation that fails to curl and tracks straight,1. The downhill side of a sloped sheet where moving stones slide away and fall off line | 2. Call made when a curler or broom makes accidental contact with a stone in motion | 3. Forward glide out of the hack that establishes the stone's initial velocity | 4. Defensive tactical success achieved by limiting the hammer team to a single point
2026-09-26,midi,Coffee Break 3,##R##S##K##/FLOODWATER#/I#A##E##V#T/V#R#TEELINE/E#I##P##N#E/R#N#####M#T/O#G#W###A#O/C#GRIPPER#T/K#A#N###T#E/##M#G###I#E/##E#####N##,4. Hot deaerated water poured over leveled concrete to create the primary ice slab | 6. Stripe traversing the sheet exactly through the center of each house | 8. Traction sole slipped over a slider foot when walking on the sheet between shots,"1. Centuries-old Scottish nickname for curling inspired by stone friction on pebble | 2. Use vigorous broom strokes to polish pebble, holding a rock's line and extending its carry | 3. Alberta skip known as 'The Bear' who captured 2010 Olympic gold undefeated | 4. Rule prohibiting the removal of any opposition guard before the sixth stone of an end | 5. Speed measurement timed between the delivery tee line and the distant receiving tee line | 7. Portion of the sheet situated outward near either boundary beyond the four-foot line"
2026-09-26,main,Heavy Hitter 3,######R########/##W#H#E######S#/##E#E#A#D##S#T#/CHIPANDLIE#P#I#/##G#V#I#S##L#C#/##H#Y#N#H#PICK#/##T#W#G####T#C#/##T#E#T##O###U#/STRAIGHTRUNNER#/##A#G#E##T###L#/##N#H#S##T###I#/##S#T#H##U###N#/##F###E##R###G#/#CENTRELINE####/##R###T########,7. Clipping the outer edge of a target stone to settle into counting position | 8. Disaster shot where a traveling rock encounters ice debris and veers sharply off line | 10. Individual rock whose flat or worn base prevents it from achieving normal curl | 11. Longitudinal line bisecting the sheet from hack to backboard across both houses,1. Diagnostic practice of tracking stone tracks during pre-game warmups | 2. Biomechanical shift of body mass from the rear foot to the sliding foot inside the hack | 3. Any takeout thrown above standard control velocity to minimize lateral curl | 4. Discipline played in two-person rinks without sweeping between the hog lines | 5. Undesirable saucer-shaped low spot where water pools during the initial flooding phase | 6. Shot hitting an outside rock to nudge both stones into scoring territory | 9. Counterclockwise rotation applied upon release by a right-handed thrower
2026-09-27,mini,Bite-Sized 3,I#S#C#D/CHILLER/E#N#U#A/D#K#T#W/U#E#T##/S#R#E##/T###R##,5. Industrial compressor refrigeration unit circulating sub-zero brine underneath the floor,1. Microscopic frozen particles scraped up by heavy brushing or hard sliding stops | 2. Delivery that unexpectedly loses its rotational curl and drives straight past the target | 3. Tactical condition featuring numerous stones congested in and around the house | 4. Touch shot delivered to come to rest inside the rings without hitting another stone
2026-09-27,midi,The Interlock 3,STEAL##G###/####A##R###/##HITWEIGHT/L###E##P###/ICEFRICTION/N###A##A###/E###L##P###/BRUSHSLEEVE/I###O######/A#FROSTLINE/S###K######,1. Scoring one or more points in an end when not holding last-stone advantage | 4. General classification for deliveries thrown faster than draw speed to make contact | 6. The physical resistance generated between granite running surfaces and ice pebble | 7. Replaceable nylon casing enclosing the foam core on approved brush heads | 8. Thickness threshold measured on outdoor lochs to ensure ice safety for bonspiels,2. Pronounced sideways deflection occurring during a stone's final deceleration phase | 3. Textured tacky adhesive wrapped around carbon broom shafts for hand traction | 5. Ice anomaly where stones curl differently traveling one direction versus the other
2026-09-27,main,The Omnibus 3,###W####O#B###F/###A####F#A###O/##DRAGEFFECT##A/L##M###L##K###M/I##I#C#O##H###C/G##C#O#O##O###O/H##E#N#R#RUNNER/T####C#H##S###E/T#RERELEASE####/H####S#A##W####/R####SEVENENDER/O####I#I##I####/WIDECORNERGUARD/#####N#G##H####/##########T####,"5. Aerodynamic and frictional drag altered by the immediate presence of a front sweeper | 9. High-velocity stone thrown to punch cleanly through guards and blast targets away | 10. Illegal attempt by a thrower to push or re-grip a stone after the initial release | 11. Near-maximum scoring explosion of seven points in an end, bordering on a clean sweep | 12. Rock placed near the sideline in the free guard zone to set up big ends",1. Surface running close to freezing temperature that softens pebble and slows rock glide | 2. Directive shouted to sweepers to instantly cease brushing and step off the line | 3. Delivery calibrated with just enough force to glide to the rear half of the circles | 4. Resilient interior dampener layer encased inside approved competition brush heads | 6. Buckling of subterranean soil beneath an arena that creates humps in the ice | 7. Delivery launched with insufficient force that stalls before reaching the rings | 8. Traditional act of offering handshakes when an insurmountable deficit is reached
2026-09-28,mini,Micro Grid 3,S####K#/HOGLINE/U##I#E#/T#SPIEL/O####P#/U#WHOA#/T####D#,3. Transverse boundary stone must cleanly clear without stopping to stay in play | 5. Colloquial abbreviation for a weekend or multi-day curling tournament | 6. Instruction to stop brushing and allow natural friction to curve the moving rock,1. Winning a curling contest without permitting the opposing rink to score a single point | 2. Cushioned guard strapped to the trailing knee by curlers who slide low to the ice | 4. Raised ridge or imperceptible contour variation in the ice surface that alters rock travel
2026-09-28,midi,Noon Spark 3,#L##PATCH##/#O######O#W/#CLEANHOUSE/#H######S#I/#B#RUB##E#G/#O###E####H/PURPLEHEART/#L#O#R####C/#D#R#J####A/#E#T#U####L/#R###G####L,"2. Embroidered fabric crest sewn onto competition jackets celebrating tournament appearances | 5. Defensive strategy focused on clearing all rocks to leave the rings vacant | 6. Gentle, incidental deflection off a stationary rock that barely changes the shooter's line | 8. Ceremonial crest historically sewn onto the sweaters of Brier provincial champions","1. Historic unshaped natural rock fitted with bored finger holes for pond curling | 3. The target area defined by concentric four-, eight-, and twelve-foot rings | 4. Early vocal assessment from sweepers projecting the stone's final stopping zone | 7. Pitcher of ale traditionally purchased by the winning rink during post-game broomstacking | 9. Narrow corridor between two stationary stones through which a delivered rock must pass"
2026-09-28,main,Crucible 3,CORNERPOCKET###/##O########H###/D#Y########E###/O#A###OPENDRAW#/U#L########M#I#/B#C########A#L#/L#A###H####L#L#/E#L###I####I#I#/PEELINGACOUNTER/E#D###H####S#C#/E#OFF#G####O#A#/L#N###U####L#R#/#HIGHLANDDRESS#/##A###R######O#/##N###DEBRIS#N#,1. Safe scoring sanctuary in the wing sheltered behind established corner guards | 5. Delivery to an unobstructed house played when no guards impede the target path | 8. Heavy takeout thrown specifically to eliminate an opponent's scoring stone and roll out | 9. Directive shouted to sweepers to instantly cease brushing and step off the line | 10. Traditional Scottish kilt regalia donned by bagpipers during tournament ceremonies | 11. Stray brush hairs or dirt on the sheet that pose a hazard for moving stones,"2. Foundational governing curling club formed in Edinburgh in 1838 | 3. Insulated footbed placed inside curling shoes to block cold from the ice sheet | 4. Rare power shot that eliminates two separate opposition guards in a single delivery | 6. Historic stone manufacturer whose Scottish workshop standardized granite shapes | 7. Shielding stone positioned just past the hog line, far in front of the house"
2026-09-29,mini,Quick Solve 4,TAPBACK/A##U#O#/K##T#U#/E##T#N#/O#PORT#/U##N#E#/T####R#,1. Delicate bump shot that nudges an opponent's rock deeper into the rings | 4. Narrow corridor between two stationary stones through which a delivered rock must pass,1. Heavy-weight delivery intended to remove an opposing stone from play | 2. The exact central bull's-eye of the house | 3. Any stone lying within the house that counts toward a team's score at the conclusion of an end
2026-09-29,midi,The Daily Grid 4,####NIPPER#/OFF##C#####/#A#TEETOHOG/#L###W#####/#L###A##T##/AIRCURTAIN#/#N###P##M##/#G###I##E##/WICKANDROLL/#C###G##U##/#E######T##,1. Blade tool dragged across pebbled ice to shear down sharp tips and level the plane | 3. Directive shouted to sweepers to instantly cease brushing and step off the line | 5. Speed metric timed during rock deceleration across the center sheet | 7. Overhead HVAC blower above the rink entrance preventing warm lounge air from entering | 8. Glancing strike off a stationary rock deflecting the shooter behind protection,2. Uneven expansion or contraction of concrete sub-floors that distorts ice level | 4. Sheet condition where stones curl less than expected or fall away toward the side boards | 6. Sixty-second tactical pause requested by a rink to confer with their coach
2026-09-29,main,The Masterpiece 4,##P############/##O#B#######S##/##S#R#######L##/SPIRITOFCURLING/##T#N#######D##/#WIDECORNERPEEL/##V#P#######R#O/##E#U######B##O/PERIMETERBOARDS/##E#P#A####C##E/##L###K####K##G/##E###E####L##U/#LASERTRANSIT#A/##S###W####N##R/##E##FORCE#E##D,"4. Governing code of sportsmanship mandating mutual honor and self-adjudication | 5. Takeout aimed specifically at removing an opponent's guard resting on the extreme wing | 8. Exterior arena walls bounding the refrigerated ice pad and spectator walkways | 10. Surveying device projecting calibrated beams across sheets to map surface dips | 11. Tactical victory when defending without the hammer, holding the opponent to a single point",1. Smooth forward extension where the fingers cleanly unwrap from the handle | 2. Heavy-duty mechanical pump circulating chilled liquid refrigerant beneath sheets | 3. Teflon or stainless-steel sole worn on the sliding foot during delivery | 6. Protective rock resting far ahead of the scoring stone it is intended to cover | 7. Transverse line marking the rear limit behind the house beyond which rocks are out of play | 9. Tactical decision with hammer to settle for a pair of points rather than forcing a blank
2026-09-30,mini,Morning Coffee 4,##STICK/##K##R#/F#I#TAP/O#P##D#/R####L#/CHANNEL/E######,1. Assisted delivery device permitted for recreational play and wheelchair competition | 4. Soft-weight delivery aimed to bump a stationary rock back by only a few inches | 5. Groove gradually worn into pebble by repeated stones tracking the identical path,1. Team strategist who calls shots from the house and traditionally throws fourth | 2. Metal holding rack positioned behind the back line to store stones not in play | 3. Defensive victory achieved by restricting a hammer team to a single point
2026-09-30,midi,Midday Break 4,###D####C##/THERMISTOR#/###A#C##R##/#S#W#E##N##/#E###L#PEEL/SCRIBER#R##/#O###V##G##/#N###E#JUNK/#D###L##A##/########R##/SIDEBOARDS#,"3. Precision temperature probe installed in the floor slab to regulate refrigeration | 6. High-velocity strike engineered to remove a guard while removing the shooter itself | 7. Drafting compass with adjustable marker arms used to outline concentric house circles | 8. On-ice slang for a congested end packed with corner guards, biters, and frozen rocks | 9. Lateral perimeter walls bounding the ice sheet along its entire length",1. Touch shot delivered to come to rest inside the house without striking another stone | 2. Rock placed outside the four-foot center corridor in the free guard zone | 4. The exact horizontal plane of the ice slab verified with optical surveying gear | 5. Rink member who delivers the team's third and fourth stones of an end
2026-09-30,main,Weekend Edition 4,#####P#########/#####O##S##W#P#/#V#C#R##H##E#A#/CAROMTAKEOUT#G#/#P#N####E##I#E#/CONTINENTALCUP#/#R#R#######E#L#/#BROOMSTRAP##A#/#A#L#########Y#/DRAWTOTHEBUTTON/#R#E#########F#/#I#I#########F#/#EDGEOFHOUSE###/#R#H###########/###T###########,7. Complex multi-stone collision requiring the shooter to hit two targets via bank angles | 8. Annual team competition matching North American rinks against the rest of the world | 9. Wrist tether fitted to brush shafts to prevent dropped brooms from sliding down ice | 10. Single shootout delivery used to settle hammer advantage before extra ends | 11. The outermost painted boundary circumference of the twelve-foot scoring ring,"1. Narrow corridor between two stationary stones through which a delivered rock must pass | 2. The complete boundary-to-boundary ice corridor on which a match is contested | 3. Degraded playing surface with standing water pooling on pebble, causing extreme drag | 4. Championship system giving the top two seeds two opportunities to reach the final | 5. Heavy polyethylene membrane under concrete blocking subterranean ground moisture | 6. Takeout velocity thrown with just enough momentum to ensure accuracy while holding line"
2026-10-01,mini,Brain Snack 4,D#INOFF/I#N###R/T#T###E/CLUBICE/H#R###Z/##N###E/#######,2. Difficult carom shot where the shooter glances off an outside stone to ricochet into the house | 4. Dedicated permanent sheet ice maintained for seasonal league play by community clubs,1. Recessed channel situated behind the backboard to collect out-of-play stones | 2. Clockwise rotation applied upon release by a right-handed thrower | 3. Precision touch shot that comes to rest nestled flush against an opponent's stone
2026-10-01,midi,Brain Teaser 4,#####I###E#/REPLACEMENT/##I##E#O#D#/##P##D#R###/#PERMAFROST/##B##M#I###/##A##P#S###/##N#BEERJUG/##D##N#U###/#####E#LSD#/#####R#E###,3. Restoration of displaced stones to their original locations following an infraction | 6. Deep frozen earth layer beneath permanent ice arenas that requires thermal monitoring | 7. Pitcher of ale traditionally purchased by the winning rink during post-game broomstacking | 8. Common tournament abbreviation for the Last Stone Draw shootout preceding each draw,"1. Acoustic arena panel absorbing loud echoes of skip calls and granite collisions | 2. Standard division of play consisting of sixteen delivered stones, eight per team | 4. Bagpipe and drum corps traditionally leading championship finalists onto the ice | 5. Early Free Guard Zone variant that influenced the evolution of modern four-rock play"
2026-10-01,main,Brain Bender 4,LIP#CHAMONIX###/A######A#####S#/SINGLEKNOCKOUT#/T######I#####E#/S#L####T###L#A#/H#I##STONEDIAL#/O#N####B###N###/T#E####A###E###/D#BACKSCRATCH##/R#I####U###A###/A#A####R###L#S#/W#S####L###L#W#/###STRAIGHTENER/#######N###R#E#/####RING#####P#,1. Raised ridge or imperceptible contour variation in the ice surface that alters rock travel | 2. French alpine host city of the inaugural 1924 Olympic curling competition | 5. Sudden-death tournament format where a single loss eliminates the rink | 8. Gauge deployed by stone technicians to measure running-surface circular tolerance | 9. Historic sweeping mechanic forbidden in modern play where brooms pulled backward | 11. Brushing action executed to reduce curl and preserve a stone's straight track | 12. Any of the three circular boundaries that establish scoring territory in the house,1. Statistical distance metric accumulating centimeters from the button across round-robin play | 3. Prairie curling culture renowned for pioneering the tuck slide and elite champions | 4. Scoring points in an end when not in possession of the hammer | 6. Ice anomaly where stones curl differently traveling one direction versus the other | 7. Skip or vice-skip stationed at the far end responsible for judging trajectory and curl | 10. Vigorously work the broom ahead of a moving rock to hold its line and carry distance
2026-10-02,mini,Commuter Special 4,SHEET##/#A###H#/ICESEAL/#K###N#/###Y#D#/###E#L#/DRYSHED,1. The complete rectangular strip of prepared ice between hack and backboard | 4. Micro-thin water spray applied over painted circles to lock colors into place | 6. Rink environment where industrial dehumidifiers maintain optimum low air moisture,2. Rubber-lined foothold embedded in the ice used to push off during delivery | 3. Bolted plastic grip atop a granite stone used by the thrower to impart rotation | 5. Sweeping call confirming the rock is light and requires active brushing to carry
2026-10-02,midi,Perfect Puzzler 4,#SHAFTFLEX#/C#####I####/E#####FROST/N#####E###I/T##MATCHING/E#####U###H/R#####R###T/T##CURLAXIS/I#####I###I/CLEANEND##D/K#####G###E,1. Degree of mechanical bending permitted by carbon-fiber broom handles during heavy brushing | 4. Airborne humidity crystalizing on the ice surface that creates drag and slows rocks | 6. Process of testing and pairing stones based on identical running speeds and curl profiles | 7. Theoretical vertical axis around which a curling stone rotates during its transit | 8. Frame where both teams execute repetitive peel takeouts to keep the house empty,2. Ancient regional Scottish association with curling traditions spanning centuries | 3. Finesse bump shot intended to nudge a center-line guard toward the sidelines | 5. Section of the sheet running exceptionally straight with very little hook
2026-10-02,main,The Grand Grid 4,RUNBACK########/###R###W######K/###E###A##S###A/###N#B#T##W###T/COLDWATERPEBBLE/###A#I#R##E#A#C/R##N#L#T##P#R#A/E##B#I#A##I#R#I/D##O#N#N##N#I#T/R##T#G#K##G#E#H/O##T#O####F#R#N/CALCIUMCHLORIDE/K##H#T####R#C#S/S##E######C#E#S/#PERTHSHIRE####,"1. Takeout executed by driving a guard rock back into a stone resting in the house | 7. Droplets applied at low temperatures, producing softer beads that break down quickly | 10. Chemical salt compound blended into water to produce sub-zero arena refrigerant brine | 11. Historic Scottish county revered as an ancient cradle of organized outdoor bonspiels",2. Alberta skip who captured the 2021 Canadian men's championship with precision draw play | 3. Backpack reservoir carried by ice technicians while stepping backwards to pebble | 4. Scottish administrator who served as first female president of World Curling | 5. Downforce measured in pounds or kilograms exerted directly downward onto the broom head | 6. Tactical shift from an offensive plan to a defensive peel to limit damage | 8. Perimeter ice border along the side boards exhibiting erratic curl due to heat gain | 9. One of two primary stone handle colors designated for official competition play
2026-10-03,mini,Fast Five 4,PUSHOUT/######O/##B###E/##R###D/GRIPPER/##E###A/CARVING,1. Delivery flaw where the curler shoves the handle away from the body's center line | 4. Rubber slip-on cover protecting the sliding sole while walking across the sheet | 5. Advanced sweeping technique orienting brush angles to actively steer stone curl,2. Trailing the toe of the sliding shoe along the ice to stabilize delivery balance | 3. Annual Canadian men's championship awarding the silver Tankard
2026-10-03,midi,Coffee Break 4,DEADCENTER#/O#N########/U#G#######B/BALANCECANE/L#E#######E/E#W#######R/THIRDROCK#J/O#C#######U/U#K####L##G/C######S###/HEELSLIDER#,"1. The absolute mathematical center of the house marked by the button pin | 4. Stability crutch gripped in the non-throwing hand to aid slide balance | 5. Stones delivered by the third player, crucial for setting up the skip's final shots | 7. Teflon pad mounted specifically beneath the heel of custom sliding footwear",1. Rule violation where a curler makes secondary contact with a rock after release | 2. Oblique carom delivery glancing off a stationary rock to slide into the house | 3. Pitcher of ale traditionally purchased by the winning rink during post-game broomstacking | 6. Common tournament abbreviation for the Last Stone Draw shootout preceding each draw
2026-10-03,main,Heavy Hitter 4,#############S#/R##AMBIENTTEMP#/U#######O####E#/STAINLESSSLIDER/S#######E####D#/H#LIGHTTHROW#R#/O#######I##E#U#/W#OVERROTATION#/A#######A##G#N#/R#######N##H#E#/DEIONIZEDWATER#/#N######S######/#D######T######/##BRETTGALLANT#/########Y######,"3. Arena air temperature, ideally maintained around forty degrees Fahrenheit | 5. High-speed metallic sole material historically favored before Teflon became universal | 6. Delivery launched with insufficient force that stalls before reaching the rings | 8. Throwing error imparting excessive spin that suppresses the rock's curl | 9. Purified water stripped of dissolved minerals to produce dense, durable pebble | 11. Decorated Prince Edward Island second and mixed doubles world champion","1. Individual rock in a matched set that consistently glides faster than its mate | 2. Hall of Fame skip widely recognized for creating the Free Guard Zone concept | 4. Striking a target dead-center to absorb all kinetic energy and halt instantly | 7. Velocity and momentum imparted to a stone during slide and release | 10. Division of play consisting of sixteen delivered stones, eight per team"
2026-10-04,mini,Bite-Sized 4,D#PICK#/I#E###T/SUBZERO/H#B###E/##L###C/##E###A/####LIP,2. Disaster shot where a traveling rock encounters ice debris and veers sharply off line | 4. Brine temperature range circulating beneath the concrete to maintain ice firmness | 5. Raised ridge or imperceptible contour variation in the ice surface that alters rock travel,1. Undesirable saucer-shaped low spot where water pools during the initial flooding phase | 2. Water droplets sprayed onto the sheet that freeze into textured bumps | 3. Protective vulcanized rubber shield coating the front of the trailing slider shoe
2026-10-04,midi,The Interlock 4,###T######S/SWEEPERCALL/###E#N####I/##SLIDERPOD/###I#S####E/JOHNSHUSTER/U##E#U####C/N####T####O/K##BUTTON#V/#####L####E/CLUTTER###R,3. Shouted communication between front-end sweepers assessing weight and path | 5. Interchangeable circular Teflon puck attached to custom curling shoe soles | 6. American skip who rallied his squad from elimination to win 2018 Olympic gold | 7. The exact four-inch center circle of the house | 8. Tactical condition featuring numerous stones congested in and around the house,"1. Stripe crossing the sheet horizontally through the exact center of each house | 2. Neoprene slip-on boot protecting the Teflon sole when walking outside the ice shed | 4. Practice regimen alternating stones sequentially between both ends without sweeping | 6. On-ice slang for a congested end packed with corner guards, biters, and frozen rocks"
2026-10-04,main,The Omnibus 4,#BLINDSHOT#####/#####U###I#R#H#/#####A###M#O#A#/#SATELLITEGUARD/#I###S###O#N#D#/#D###W###U#D###/#E###EIGHTFOOT#/LSD##E###S#F###/#T###P###T#S###/HEELLIFT#R#I###/#P###N###A#X###/#####G###T#T###/ICEEMBED#E#E###/#####A###G#E###/SHAVING##Y#N###,"1. Delivery toward a target area entirely hidden behind stacked center guards | 6. Defensive guard placed wide toward the boundary boards outside the four-foot zone | 7. Intermediate concentric scoring ring situated between the four-foot and twelve-foot circles | 8. Common tournament abbreviation for the Last Stone Draw shootout preceding each draw | 9. Biomechanical elevation of the trailing shoe's heel to prevent braking drag | 10. Any painted boundary, marker, or electronic sensor frozen within the playing pad | 11. Fine sliver of ice sheared from pebble peaks by the scraper knife during grooming",2. International rule restriction prohibiting rinks from sweeping opponent rocks behind the tee | 3. Tactical protocol dictating when a skip calls the coach for a consultation | 4. Championship playoff bracket stage featuring sixteen surviving rinks | 5. Urgent vocal directive bellowed by the skip demanding maximum downward brush force | 6. Lateral walking gait executed by sweepers facing directly toward the moving stone
2026-10-05,mini,Micro Grid 4,##RUB#P/##A#U#O/##I#R#C/##S#L#K/KEENICE/####N#T/####G##,"1. Gentle, incidental deflection off a stationary rock that barely changes the shooter's line | 4. Low-friction surface conditions where stones glide effortlessly with minimal push",1. Shot that bumps a stationary rock forward along its path toward the button | 2. Archaic Scottish term for tossing and swirling rough natural stones over lochs | 3. Protected scoring zone nestled directly behind an established pair of guards
2026-10-05,midi,Noon Spark 4,##T###W###P/BRINEHEADER/I#M###I###O/TEEWEIGHT#M/E#P###H###O/R#E###T###T/C#N###C###I/H#A###A###O/E#LOCHLEVEN/C#T###L####/K#Y########,4. Primary distribution manifold pumping sub-zero cooling fluid into sub-floor pipes | 5. Precise delivery speed calculated to glide to a complete stop directly on the tee line | 6. Historic Scottish body of water famous for hosting open-air Grand Matches,1. Sanction imposed when a rink completely consumes its allocated thinking time | 2. Early vocal assessment from sweepers projecting the stone's final stopping zone | 3. Advancing a teammate's rock closer to the center by striking it from behind | 4. Official umpire inspection to verify whether a stone overlaps the twelve-foot circle
2026-10-05,main,Crucible 4,###S#########C#/###T#####D#T#A#/###I##LINEPAINT/###R#T###L#P#A#/###L#H###I###D#/###I#I###V###I#/#CONTROLLEDDRAW/###G#T###R#E#N#/###STEAL#I#U#T#/###T#E###N#C#R#/REBOUNDANGLE#I#/###N#####A###A#/SEVENENDER###L#/#########M###S#/###############,"5. Specially formulated acrylic pigment applied to seal boundary lines on base ice | 7. Touch shot guided down ice with precision sweeping to stop on the skip's mark | 9. Scoring one or more points in an end when not holding last-stone advantage | 10. Deflection trajectory of a struck stone governed by kinetic energy conservation | 11. Near-maximum scoring explosion of seven points in an end, bordering on a clean sweep",1. Sixteenth-century inscribed outdoor boulder recognized among the oldest curling relics | 2. High-pressure national Olympic selection event famously called Roar of the Rings | 3. Limb extended straight down the broom line to release the handle cleanly | 4. Soft-weight delivery aimed to bump a stationary rock back by only a few inches | 6. Maximum theoretical stones that can remain in play before delivery number fourteen | 8. Two-point score traditionally viewed as a successful offensive conversion with hammer
2026-10-06,mini,Quick Solve 5,##H#S##/##O#L##/##GUARD/##L#S#R/##I#H#I/WING##F/##E###T,3. Rock intentionally stationed short of the house to shield potential scoring paths | 5. Portion of the sheet situated outward near either boundary beyond the four-foot line,1. Transverse threshold a delivered stone must cleanly cross to stay legally in play | 2. High-velocity takeout aimed across an angle to eliminate two stones separated laterally | 4. Unintended lateral displacement of a stone caused by minor sloping in the ice floor
2026-10-06,midi,The Daily Grid 5,##R###THIRD/##I#######R/RING####L#A/##K#####O#W/#BRUCEMOUAT/##E#####N#O/##C#####G#C/#FORCEONE#O/##R#######V/WIDE######E/##########R,"2. Rink position delivering rocks five and six, traditionally holding vice-skip duties | 4. Any of the three circular boundaries that establish scoring territory in the house | 6. Scottish skip who captured the 2023 World Men's Championship in Ottawa | 7. Defensive strategic objective holding the hammer team to a single point | 8. Delivery that tracks outside the skip's target broom, often struggling to curl back in time",1. Cumulative win-loss ledger posted by a curling team across tournament draws | 3. Touch delivery curving safely into the protective shadow cast by a stationary guard | 5. Clubhouse viewing room where spectators and curlers watch games through glass panels
2026-10-06,main,The Masterpiece 5,ANNAHASSELBORG#/######P###E####/######L###A####/#R#NOTICKRULE##/#H####T###F###A/CONDENSERCOIL#L/#N####O###R###I/#AIRVELOCITY##N/#M#U##E###S###A/#A#N##SCOTCHCUP/#R#T##L###A#U#A/#T#I##I###L#R#E/#I#M##D##PEEL#T/#N#E##E#######Z/######R########,"1. Swedish skip who commanded the women's tournament to win 2018 Olympic gold | 5. Modern regulation prohibiting displacement of center-line guards touching the FGZ | 7. Arena loop discharging dissipated heat outdoors away from the refrigerated pad | 8. Speed of HVAC airflow across the ice sheet, regulated to prevent localized drafts | 10. Foundational international championship tournament that predated the World Championship | 12. Delivery thrown with heavy force designed to eliminate both a guard and the shooter itself",2. Curling shoe featuring separated Teflon pads beneath the heel and ball of the foot | 3. Wind scale historically consulted by outdoor Scottish curlers on exposed lochs | 4. Scottish skip whose dramatic final shot earned Great Britain 2002 Olympic gold | 6. Swiss fourth thrower celebrated for elite takeout execution under skip Silvana Tirinzoni | 9. The total elapsed seconds a thrown stone takes from hack release to complete rest | 11. The lateral curved trajectory traveled by a stone as its rotational speed decays
2026-10-07,mini,Morning Coffee 5,SCRAPER/L#####I/I###T#N/CUPPING/I#I#C##/N#T#K##/G######,1. Precision conditioning machine fitted with micro-adjustable blades to level the sheet | 4. Concave underside design of a stone that leaves only an annular ring touching the ice,1. Delicate throwing mechanic imparting an intentional outward release angle to manipulate curl | 2. Any of the three circular boundaries that establish scoring territory in the house | 3. Finesse shot grazing a center guard to the side without clearing it from play | 5. Recessed ice trough behind the hacks designed to catch excess pebble water and melt
2026-10-07,midi,Midday Break 5,####S######/####H#R#P#F/SLIDE#E#I#R/####E#P#N#O/####T#E#E#S/####N#BURNT/####U#B#O##/THERMALFLUX/####B#I#O##/####E#N####/###DRAGLINE,5. Forward glide out of the hack that establishes the stone's initial velocity | 6. Infraction called when a player or equipment makes accidental contact with a stone in motion | 7. Rate of heat transfer from arena ambient air down into the refrigerated ice slab | 8. Faint streak visible across frost or pebble caused by an accidental shoe scrape,1. Numerical sign suspended above each ice lane in multi-sheet curling facilities | 2. Application of fresh water droplets sprayed across the sheet between halves | 3. Italian alpine town that hosted the 2006 Olympic curling tournaments | 4. Airborne humidity crystalizing on the ice surface that creates drag and slows rocks
2026-10-07,main,Weekend Edition 5,#############S#/##########S##L#/#M##EYEONTHEHOG/#END#E####E##W#/#N###S####E##R#/#W##E#####T##O#/PIN#X###I#D##C#/#T##T#S#C#I##K#/#H##R#E#E#V####/#BALANCEDRILL##/#R##F#O#E#D####/ROTARYNIPPER###/#O##A#D#T#R####/#M##M###H######/#SHEET#########,"4. Sensor technology detecting illegal releases before the stone crosses the hog line | 6. Curling equivalent of an inning, consisting of sixteen stones delivered alternately | 8. Central brass marker or screw hole drilled into the ice at the center of the button | 11. Training exercise requiring curlers to slide down ice with hands held behind backs | 12. Powered circular blade machine used by arena technicians to shear pebble crowns | 13. The complete rectangular strip of prepared ice bordered by hog, tee, and back lines","1. Individual stone in a matched pair that exhibits extra friction and runs heavy | 2. Foam barrier or wooden plank positioned between sheets to halt runaway rocks | 3. Canadian comedy film starring Paul Gross celebrating curling culture and small-town rinks | 5. Sweeping call confirming the rock is light and requires active brushing to carry | 7. Alternative terminology for an overtime end required to resolve a tied score | 9. Thickness of the competition ice pad, standard between 1.25 and 1.5 inches | 10. Rink member who delivers the team's third and fourth stones of an end"
2026-10-08,mini,Brain Snack 5,#S#####/#HOGGED/#U##L#E/#T##Y#B/#O##C#R/#U##O#I/STEAL#S,2. Violation called when a delivered rock fails to completely clear the far hog line | 5. Scoring points in an end when not in possession of the hammer,1. Winning a curling contest without permitting the opposing rink to score a single point | 3. Chilled antifreeze chemical compound pumped through sub-slab refrigeration tubes | 4. Stray brush hairs or dirt on the sheet that pose a hazard for moving stones
2026-10-08,midi,Brain Teaser 5,#####C#####/TEAMROSTER#/#####R#####/#####N#####/DUMPRELEASE/E##O#R#####/U##R#D####P/CENTERWEDGE/E####A####E/##CROWN###L/###########,"2. Official lineup of four players and designated alternate registered for competition | 3. Faulty delivery where the thrower abruptly shoves the stone at release, losing the handle | 6. Tightly clustered pack of stones wedged directly along the center line | 7. Deliberate convex ice slope running down the center corridor to enhance lateral curl",1. Touch shot calibrated to settle into the outer margins of the eight-foot ring | 3. Two-point score traditionally viewed as a successful offensive conversion with hammer | 4. Narrow corridor between two stationary stones through which a delivered rock must pass | 5. High-velocity strike engineered to remove a target guard while spinning the shooter out of play
2026-10-08,main,Brain Bender 5,#S##BLUECIRCLE#/#L#T#I#########/#A#HANDLEOFFSET/#B#R#E####A####/#C#O#P####B#A##/DRAWWEIGHTRANGE/#A#I#R####I#G##/#C#N#C####C#L##/#K#G#E##MITTENS/H#POINT###E#R#W/O##R#T####X#A#E/U##D#A####T#I#E/S##E#G####U#S#P/EXTRAEND##R#E##/##########E####,"2. The outermost twelve-foot circle painted blue in classic international houses | 5. Mechanical misalignment where a stone handle is mounted off-center, causing wobble | 8. The spectrum of throwing velocities spanning front four-foot touch to back twelve-foot | 9. Thermal fleece or leather handwear favored by front-end sweepers in cold sheds | 12. Basic scoring unit awarded for each counter closer to the pin than any opposing rock | 13. Overtime period played to break a tied score after regulation ends","1. Structural fissure in arena concrete that can cause surface ridges in the ice sheet | 3. Analytical metric tracking how accurately a thrower delivers stones down the broom line | 4. Prescribed team delivery sequence progressing from lead to second, third, and fourth | 6. Standardized broomhead weave certified under World Curling equipment regulations | 7. Shot striking a guard obliquely to promote it into the house along an angled path | 10. Use vigorous broom strokes to polish pebble, holding a rock's line and extending its carry | 11. The target area defined by concentric four-, eight-, and twelve-foot rings"
2026-10-09,mini,Commuter Special 5,FASTICE/##H##H#/KNEEPAD/##E##T#/##T##T#/#####E#/#BITER#,"1. Condition where stones glide exceptionally far with minimal effort, requiring less push | 4. Cushioned guard strapped to the trailing knee by curlers who slide low to the ice | 5. Stone that barely touches the outer twelve-foot margin of the house",2. The complete boundary-to-boundary ice corridor on which a match is contested | 3. Rapid micro-vibration audible when a stone encounters rough pebble or frost
2026-10-09,midi,Perfect Puzzler 5,#####RING##/########R#T/####R###O#O/##WHINSTONE/#S##N###V#G/FLATKNIFE#R/#I######T#I/ICERUNNER#P/#I######A#P/#N######C#E/#G###SINKER,"1. Any of the three circular boundaries that establish scoring territory in the house | 5. Dark, dense basaltic river boulders gathered for primitive Scottish curling | 7. Scraper blade with a level cutting edge used to shave high spots across the sheet | 8. Hardened steel knife edge fitted onto modern scraping sleds to level sheet pebble | 9. Delivery that unexpectedly loses its rotational curl and drives straight past the target","2. Depressed ice channel worn into pebble that steers stones along a fixed path | 3. Textured traction rubber molded beneath the pushing shoe's toe for hack drive | 4. Four-person curling squad, or the ice facility in which the match is staged | 6. Delicate throwing mechanic imparting an intentional outward release angle to manipulate curl"
2026-10-09,main,The Grand Grid 5,###C##D########/#C#H##I##T###D#/#O#A##T##E###O#/#RUNBACKTAKEOUT/#N#N##H##M###B#/#B#E#####P###L#/#R#L#CORNERPEEL/#O#S#####R###G#/PORT#####C###R#/#M#O###S#E###I#/#S#N###L#N###P#/#T#E###A#T###P#/KRISTINSKASLIEN/#A#####H#G###R#/#W######HEAVE##,6. Shot driving an exterior guard backward to remove an opponent's rock in the rings | 7. High-speed takeout executed specifically to remove an opposition guard on the wing | 8. Narrow corridor between two stationary stones through which a delivered rock must pass | 10. Norwegian mixed doubles Olympic medalist partnered with Magnus Nedregotten | 11. Severe upward buckling of arena floors caused by freezing subterranean ground moisture,"1. Naturally water-eroded stones smoothed by river currents for seventeenth-century play | 2. Recessed channel situated behind the backboard to collect out-of-play stones | 3. Sorghum plant fibers tightly stitched together to create vintage curling brooms | 4. Aggregate performance score calculated from all sixty-four stones thrown by a rink | 5. Wearing non-slide rubber overshoes on both feet, typical for umpires and coaches | 9. High-velocity takeout aimed across an angle to eliminate two stones separated laterally"
2026-10-10,mini,Fast Five 5,#BUTTON/#A#####/ICEDUST/#K#R###/#E#I###/INOFF##/#D#T###,1. The exact central bull's-eye of the house | 2. Microscopic frozen particles scraped up by heavy brushing or hard sliding stops | 4. Difficult carom shot where the shooter glances off an outside stone to ricochet into the house,1. Collective term for the third and skip who dictate strategy and play final stones | 3. Unintended lateral displacement of a stone caused by minor sloping in the ice floor
2026-10-10,midi,Coffee Break 5,########S##/TEELINE#I##/O#######L##/U##ROLLOVER/C#######E##/HORSEHAIR##/L##P####B##/I##I####R##/NOSETAKEOUT/E##L####O##/#####HAMMER,2. Stripe traversing the sheet horizontally through the exact center of each house | 3. Strike hitting an outside rock that causes the shooter to roll across the center line | 4. Natural stiff animal bristle historically utilized on competition brush heads | 6. Impact hitting a target rock dead center to transfer complete momentum and stop | 7. Advantage of throwing the sixteenth and final stone of an end,1. Historic world men's championship trophy awarded annually between 1968 and 1985 | 2. Boundary line separating the legal ice playing area from the side ditches | 5. Colloquial abbreviation for a weekend or multi-day curling tournament
2026-10-10,main,Heavy Hitter 5,#####A#T#S#####/PRACTICEROCK###/###O#L#A#F#####/B##M#S#MITTENS#/U##M#A#C#H#####/M##I#C#A#I#####/P##T#R#N#T#####/A##T#A#A#A#####/N##E#I#D#N#####/D##D#GRANDSLAM#/R##S#####R#####/OFFTHEBROOM####/L##O#####L#L###/L#INTERVALTIMER/###E#######P###,4. Stone thrown by players during pre-game warmup to evaluate curl and surface tempo | 7. Thermal fleece or leather handwear favored by front-end sweepers in cold sheds | 8. Elite televised tournament series contested annually by the world's top teams | 9. Delivery error where the thrower releases the handle wide or tight of the intended mark | 11. Stopwatch device calculating stone velocity based on hog-to-hog transit seconds,1. Scottish volcanic island that yields common green and blue hone granite for stones | 2. Defending national champion squad awarded automatic qualification to the Brier or Scotties | 3. Controlled strike that eliminates a target stone before gliding gently behind cover | 5. Rock that has officially crossed the delivery hog line and is active in play | 6. Promoting a friendly stone forward while caroming sideways into a scoring lane | 10. Raised ridge or imperceptible contour variation in the ice surface that alters rock travel
2026-10-11,mini,Bite-Sized 5,#WHOA##/#A#####/#R##P##/#M##I##/DIVOT##/#C#####/MEASURE,1. Instruction to stop brushing and allow natural friction to curve the moving rock | 3. Gouge in the sheet surface caused by an accidental stone drop or equipment strike | 4. Precision brass gauge rotated from the pin to determine shot rock,1. Surface running close to freezing temperature that softens pebble and slows rock glide | 2. Recessed ice trough behind the hacks designed to catch excess pebble water and melt
2026-10-11,midi,The Interlock 5,HACKWEIGHT#/##L######E#/#DEBRIS##A#/##A##C#F#M#/##N##E#O#C#/YES##S#U#A#/##WIDEGRIP#/##E##A#F#T#/PEEL#L#O#A#/##P####O#I#/###FRONTEND,1. Moderate takeout velocity matching the force needed to reach the opposite hack | 4. Stray brush hairs or dirt on the sheet that pose a hazard for moving stones | 7. Sweeping call confirming the rock is light and requires active brushing to carry | 8. Brushing stance spreading hands wide apart on the shaft for maximum downward force | 9. High-velocity strike engineered to remove a guard while removing the shooter itself | 10. Collective term for the lead and second who perform the bulk of a team's sweeping,2. Gentle brushing motion applied solely to clear dust without altering stone curl | 3. Designated team leader representing the rink at coin tosses and official meetings | 5. Micro-thin water spray applied over painted circles to lock colors into place | 6. Four-foot-diameter ring painted directly around the button
2026-10-11,main,The Omnibus 5,PEBBLEBREAKDOWN/##U###R#####S#O/##R###O#####K#S/##N###O#####A#E/MATCHUMPIRE#R#H/######H#####E#I/HOGLINESENSOR#T/######A#####I##/##S###D##WICK##/##K###F#####S##/##ICECANOPY#S##/##P###B#####O##/####DIRECTIONAL/######I########/GLYCOLCHILLER##,"1. Loss of pebble height and texture caused by aggressive, high-pressure sweeping | 6. Tournament official assigned to monitor sheet etiquette, time rules, and conduct | 7. Magnetic or optical system installed inside the stone handle to police release fouls | 9. Glancing deflection off a stationary rock used to angle the shooter into position | 10. Structural arena ceiling directly above the sheets that radiates ambient heat downward | 11. Modern sweeping technique utilizing specific broomhead angles to manipulate rock trajectory | 12. Refrigeration unit chilling ethylene or propylene glycol circulated under floors","2. Infraction called when a player or broom makes contact with a moving stone | 3. Standardized woven material subjected to strict World Curling friction regulations | 4. Swedish third who became the first curler to medal in two disciplines at one Olympics | 5. Strike where the shooter contacts the target stone dead-center, killing momentum | 8. Rink captain who directs strategy from the house and usually plays fourth stones"
2026-10-12,mini,Micro Grid 5,###T##D/SCRIBER/L##C##A/I##K##W/D######/E######/ROLLOUT,3. Drafting compass with adjustable marker arms used to outline concentric house circles | 4. Takeout shot that strikes the target rock and caroms completely out of the playing area,1. Finesse shot that grazes a center guard toward the wing without removing it from play | 2. Shot delivered with just enough momentum to settle in the house without striking another stone | 3. Slick material fixed beneath the sliding shoe to reduce friction during delivery
2026-10-12,midi,Noon Spark 5,####RUNWAY#/##T#O######/TRACYFLEURY/O#P#S######/E#W#I######/SLEDNIPPER#/L#I#C##E###/I#G#L##E###/D#H#A##LEAD/E#T#I######/R###R######,1. Pebbled corridor down the sheet continually smoothed by consecutive stone paths | 3. Top-ranked Canadian skip and vice-skip known for elite tactical strategy and consistency | 4. Wide steel blade mounted on a manual sliding sled pulled over sheets to level pebble | 6. Front-end player responsible for setting early guards and sweeping six stones per end,1. Scottish administrator who served as World Curling Federation president | 2. Delicate delivery velocity calibrated to nudge a stationary rock back by a foot or two | 3. Compact Teflon disc mounted beneath the shoe toe for curlers using a tuck slide | 5. Delivery thrown with heavy force designed to eliminate both a guard and the shooter itself
2026-10-12,main,Crucible 5,##J###S#E##H###/##EIGHTENDMATCH/##N###O#D##R##A/##N###N####D##M/##I#TOECOAT###M/##F###I####N##E/##E###N####I##R/#TRIPLEKNOCKOUT/##J###R####L##R/DROPLETSPREAD#A/I#N###I####S##C/T#E###A####E##K/C#S#####COLDICE/H##########I##R/###########N###,"5. Standard tournament game duration standard across Grand Slam events and mixed doubles | 7. Durable polyurethane layer painted over the trailing shoe to reduce sliding drag | 9. Tournament format where teams navigate A, B, and C brackets before elimination | 10. Radial dispersion pattern of water beads discharged from a handheld pebbler | 11. Playing surface cooled below optimum temperature, creating heavy friction and less curl","1. Manitoba skip who authored an undefeated 11-0 run to claim 2014 Olympic gold | 2. Physical resistance of a forty-pound granite rock to acceleration and directional shifts | 3. Standard division of play consisting of sixteen delivered stones, eight per team | 4. Urgent vocal directive bellowed by the skip demanding maximum downward brush force | 6. Scoreboard indicator or digital graphic designating which rink holds last stone | 8. Swedish skip who captured six World Men's Championships and 2022 Olympic gold | 10. Recessed channel situated behind the backboard to collect out-of-play stones"
2026-10-13,mini,Quick Solve 6,###PIN#/###E###/TAPBACK/###B#R#/###L#O#/TAKETWO/#####N#,1. Central brass marker or screw hole drilled into the ice at the center of the button | 2. Delicate bump shot that nudges an opponent's rock deeper into the rings | 4. Tactical decision with hammer to settle for a pair of points rather than forcing a blank,1. Droplets of water sprayed onto the ice sheet that freeze into rounded nubs | 3. Deliberate convex ice slope running down the center corridor to enhance lateral curl
2026-10-13,midi,The Daily Grid 6,#C####C####/#HIGHGUARD#/#A####R####/FLIPRELEASE/#K####R##A#/#L####A##N#/BITER#T##D#/#N####I##B#/KEVINKOE#A#/#########S#/#THREEENDER,"3. Shielding stone positioned just past the hog line, far in front of the house | 4. Delivery fault where an erratic wrist twitch flips the stone off its intended line | 6. Stone that barely grazes the outer twelve-foot margin of the house | 7. Four-time Brier champion skip celebrated for remarkable last-rock clutch shotmaking | 8. A three-point frame that dramatically shifts win probability and scoreboard control",1. String line snapped across bare concrete to establish boundary coordinates | 2. Mathematical relationship between total forward distance and lateral hook | 5. Traditional sub-floor substrate commonly used in older rinks before concrete slabs
2026-10-13,main,The Masterpiece 6,#########K#####/####BASEPEBBLE#/######T##R####P/######R##R####O/PAULFLEMMING##I/###A##T##E####N/SHOTROCK#I##PIT/###E##H##N####S/###N##P##A####C/###T##A##R##S#U/###H##N##S##E#R/TIMEOUTPROTOCOL/###A##S##N##O#I/#PATCH######N#N/############D#G,2. The foundational layer of coarse frozen droplets providing structural durability | 5. Veteran Nova Scotia skip and decorated Canadian national competitor | 7. Stone lying closest to the center pin at any given moment during or after an end | 8. Recessed ice trough behind the hacks designed to catch excess pebble water and melt | 10. Regulation restricting coach consultations to designated one-minute stoppages | 11. Embroidered fabric crest sewn onto competition jackets celebrating tournament appearances,"1. Manitoba skip who led her squad to four consecutive Scotties titles starting in 2020 | 3. Flexible athletic trousers designed to allow deep, unrestricted sliding lunges | 4. Historic individual competition testing execution across specialized curling shots | 6. Thermal energy absorbed or released by water during freezing and melting phase changes | 9. Rink member who delivers the team's third and fourth stones of an end"
2026-10-14,mini,Morning Coffee 6,HACKCUP/##O#O#E/P#L#U#E/O#D#N#L/I#I#T##/N#C#E##/TOEDRAG,1. Recessed indentation cast into the arena concrete floor to receive the hack | 6. Trailing the toe of the sliding shoe along the ice to stabilize delivery balance,"2. Playing surface cooled below optimum temperature, creating heavy friction and less curl | 3. Any stone lying within the house that counts toward a team's score at the conclusion of an end | 4. High-velocity strike engineered to remove a target guard while spinning the shooter out of play | 5. Basic scoring unit awarded for each counter closer to the pin than any opposing rock"
2026-10-14,midi,Midday Break 6,########C#C/#SHEARPLANE/#C######R#I/LOUDPANTS#L/#R######E#I/#E####RUB#N/#B######R#G/TOPPEBBLE#D/#A######C#R/#R######K#I/#DISH#####P,"3. Microscopic friction layer between pebble crowns and the moving stone base | 4. Colorful argyle and geometric trousers popularized by the Norwegian men's team in 2010 | 5. Gentle, incidental deflection off a stationary rock that barely changes the shooter's line | 6. The upper, smaller layer of frozen water beads sprayed directly over coarse base pebble | 7. Undesirable saucer-shaped low spot where water pools during the initial flooding phase",1. Historic Scottish loch site developed with a private rail halt for national bonspiels | 2. Condensation falling from overhead arena steel that creates deformities on ice | 3. Wall display presenting progressive end-by-end points and cumulative match totals
2026-10-14,main,Weekend Edition 6,#####T####HACK#/D####E####U#H##/R##I#E#C##M#I##/A##C#T#E##I#P##/WIDECORNERDRAW#/###S#H#T##I#N##/BLUEHONE##T#D##/###A#G#R##Y#L##/###L###P##S#I##/#######A##E#E##/RASPINGSOUND###/#######S##S####/#######A##O####/#RUNNINGSURFACE/#######E#######,2. Foothold embedded into the ice from which deliveries are launched | 7. Precision shot curling from outside the sidelines into the back four-foot | 8. Water-resistant microgranite harvested from Scotland used specifically for stone running edges | 9. Distinctive scratchy acoustic signature produced by vigorous broomhead friction | 10. Narrow annular band of stone base in direct microscopic contact with the pebble,1. Speed metric timed during rock deceleration across the center sheet | 2. Ceiling hygrometer monitoring ambient moisture levels to prevent sheet frost | 3. Clipping the outer edge of a target stone to settle into counting position | 4. Touch shot delivered to come to rest inside the rings without hitting another stone | 5. Micro-thin water spray applied over painted circles to lock colors into place | 6. Open corridor running down the center line between two opposing corner guards
2026-10-15,mini,Brain Snack 6,CLUBICE/R##R#H#/O##I#A#/W##E#N#/N##R#N#/#####E#/#CRADLE,1. Dedicated permanent sheet ice maintained for seasonal league play by community clubs | 4. Metal holding rack positioned behind the back line to store stones not in play,1. Deliberate convex ice slope running down the center corridor to enhance lateral curl | 2. Annual Canadian men's championship whose winner hoists the silver Tankard | 3. Groove gradually worn into pebble by repeated stones tracking the identical path
2026-10-15,midi,Brain Teaser 6,#####T#####/###V#A###L#/#STICKYSPOT/###N#E###C#/###Y#O###H#/BAILOUTSHOT/L##S#T###F#/A##H#####L#/N##EXTENDER/K##E#####Y#/#WETICE##S#,"4. Patch of frost or degraded pebble that suddenly robs a moving stone of momentum | 5. Clutch, high-difficulty recovery delivery played to rescue a compromised end | 6. Brushing technique performed to prolong forward momentum and stretch rock carry | 7. Degraded playing surface with standing water pooling on pebble, causing extreme drag",1. Heavy-weight delivery intended to remove an opponent's rock from play | 2. Pre-printed full-house graphic frozen directly over concrete before flooding | 3. Historic Scottish loch site famous for early recorded outdoor curling gatherings | 5. Scoreless frame intentionally played to retain last-stone advantage for the next end
2026-10-15,main,Brain Bender 6,#########C#####/#########O###W#/#P##RHONAMARTIN/#U###A###P###D#/CLOCKCONTROLLER/#L###K###E#####/#THOMASULSRUD##/#E###L###S##I##/#SLIDINGFOOTTOE/#T###G###R##C##/##COINTOSS##H##/#####M###T#####/#BATTERYPACK###/#####N###G#####/#####T###E#####,4. Scottish skip whose dramatic final shot earned Great Britain 2002 Olympic gold | 6. Electronic console operated by officials to start and pause thinking time | 7. Iconic Norwegian skip who captured world gold and popularized eccentric match trousers | 9. The tip of the slider shoe that throwers align directly down the broom line | 10. Opening procedure frequently used before games to establish stone color or practice order | 11. Internal power supply enclosed inside electronic sensor handles,"1. Operating cycle of the arena refrigeration plant regulating ice cooling | 2. Delivery that tracks outside the skip's target broom, often struggling to curl back in time | 3. Technical inspection measuring stone handle resistance and rotational smoothness | 5. Surveying process ensuring rubber footholds face the center of the receiving house | 8. Recessed channel situated behind the backboard to collect out-of-play stones"
2026-10-16,mini,Commuter Special 6,####C##/####H##/WARPING/##I#L##/HANDLE#/##K#E##/####R##,2. Structural curvature of the concrete arena floor caused by permafrost swelling | 4. Bolted plastic grip atop a granite stone used by the thrower to impart rotation,"1. Industrial compressor refrigeration unit circulating sub-zero brine underneath the floor | 3. Four-person curling squad, or the ice facility in which the match is staged"
2026-10-16,midi,Perfect Puzzler 6,BONSPIELPIN/###P##V####/#DELIVERY##/#R#I##M####/#A#T##U####/#WIDESIDE##/###R##R####/STEALTHREE#/###W##E####/######A####/HOTHAND####,1. Commemorative enamel souvenir traded between competing curlers at weekend bonspiels | 4. The complete biomechanical motion of sliding and releasing a stone from the hack | 5. Section of the sheet displaying pronounced lateral swing and aggressive curl | 6. A devastating three-point defensive theft that cripples the opponent's momentum | 7. Colloquial term for a skip or thrower executing nearly one hundred percent of their shots,2. Delicate carom contacting an outside rock so both stones roll into counting position | 3. Scottish skip who led Great Britain to a dominant 2022 Olympic women's gold | 4. Touch shot delivered to come to rest inside the house without striking another stone
2026-10-16,main,The Grand Grid 6,#####T######S##/#####H#GLYCOL##/###W#R######I##/#B#I#O###LEAD##/#R#N#W##D###E##/SINGLESWEEPER##/#E###R##U###M##/BROOMSTICKSHAFT/#####W##E###T##/###S#E#R#FREEZE/###T#E#U####R##/#SWEEPINGSTRIDE/###A#I#W####A##/###L#N#A#PEEL##/#####G#Y#######,3. Chilled antifreeze chemical compound pumped through sub-slab refrigeration tubes | 6. Front-end player tasked with setting initial guards and sweeping six stones per end | 8. Sweeping formation standard in mixed doubles where one athlete manages the moving rock | 9. Lightweight tubular composite rod transmitting downforce to the broomhead | 12. Mastery shot that draws directly to touch an opponent's rock without displacing it | 13. Coordinated side-stepping footwork maintained by sweepers alongside a moving stone | 14. High-velocity strike engineered to remove a guard while removing the shooter itself,1. Tactical move in mixed doubles where the thrower springs from the hack to brush | 2. Dense fluoropolymer plastic like Teflon chosen for high glide efficiency | 4. Portion of the sheet situated outward near either boundary beyond the four-foot line | 5. Annual Canadian men's championship awarding the silver Tankard | 7. Two-point score traditionally viewed as a successful offensive conversion with hammer | 10. Scoring one or more points in an end when not holding last-stone advantage | 11. Pebbled corridor down the sheet continually smoothed by consecutive stone paths
2026-10-17,mini,Fast Five 6,####D#K/RUNTIME/##I#S#E/##P#H#N/TAP###I/##E###C/##RUB#E,"3. The total elapsed seconds a thrown stone takes from hack release to complete rest | 5. Soft-weight delivery aimed to bump a stationary rock back by only a few inches | 6. Gentle, incidental deflection off a stationary rock that barely changes the shooter's line",1. Undesirable saucer-shaped low spot where water pools during the initial flooding phase | 2. Low-friction surface conditions where stones glide effortlessly with minimal push | 4. Blade tool dragged across pebbled ice to shear down sharp tips and level the running plane
2026-10-17,midi,Coffee Break 6,###T#W##F##/#BAILINGOUT/G##G#D##A##/R##H#E##M##/I##T####B#S/PEBBLECRUSH/P##U####M#E/E##R#S##P#E/R#RINK##E#T/###E#I##R##/###D#P#####,"4. Tactical shift from an offensive plan to a defensive peel to limit damage | 7. Gradual flattening of surface water droplets under the passage of heavy stones | 9. Four-person curling squad, or the ice facility in which the match is staged","1. Scoring stone hidden behind a guard with zero straight takeout angles available | 2. Delivery that tracks outside the skip's target broom, often struggling to curl back in time | 3. Protective padding lining the side ditch to absorb rebounding out-of-play stones | 5. Rubber slip-on cover protecting the sliding sole when moving across the ice between shots | 6. The complete rectangular strip of prepared ice between hack and backboard | 8. Team strategist who calls shots from the house and traditionally throws fourth"
2026-10-17,main,Heavy Hitter 6,#S#D#H#I#######/#T#I#I#C#######/#O#T#T#E#####C#/#P#C#A#S#####U#/TWOHANDEDSWEEP#/#A###D#A#####A#/#T###S#L###HARD/#C###T####H##C#/#HOTWATERPEBBLE/#T###Y####E##U#/#I########L##B#/#MIXEDDOUBLES##/#I########I##P#/#N########F##I#/#G#STRAIGHTLINE,"6. Standard sweeping posture gripping the brush shaft firmly with both hands | 7. Urgent vocal directive bellowed by the skip demanding maximum downward brush force | 9. Droplets applied near boiling temperatures yielding dense, shatter-resistant ice beads | 10. Olympic discipline featuring two-player teams and pre-placed stationary stones | 12. Initial direct vector tracked by a thrown rock before deceleration triggers curl",1. Interval timing using split stopwatches to assess rock speed and distance | 2. Recessed channel situated behind the backboard to collect out-of-play stones | 3. Takeout delivery that completely eliminates the target stone while remaining in place | 4. Micro-thin water spray applied over painted circles to lock colors into place | 5. Historic eastern Scottish curling society holding documented bonspiels in the 1700s | 8. Biomechanical elevation of the trailing shoe's heel to prevent braking drag | 11. Central brass marker or screw hole drilled into the ice at the center of the button
2026-10-18,mini,Bite-Sized 6,DEBRIS#/#####O#/SHUTOUT/#####R#/##SPLIT/#####C#/SPINNER,1. Stray brush hairs or dirt on the sheet that pose a hazard for moving stones | 3. Winning a curling contest without permitting the opposing rink to score a single point | 4. Shot hitting an outside rock to nudge both stones into active scoring positions | 5. Stone thrown with excessive rotation that fails to curl and tracks straight,"2. On-ice slang for soft, degraded surface conditions late in a marathon tournament"
2026-10-18,midi,The Interlock 6,####L######/###HEAVYICE/##D#A##E###/#BRADGUSHUE/##I#S######/SOFTWEIGHT#/##T#E######/AMBIENTTEMP/##I#P######/##A#E######/TESTROCK###,"2. Slow, high-friction playing surface requiring extra leg drive from throwers | 5. Newfoundland skip who captured 2006 Olympic gold and multiple Canadian Brier titles | 6. Finesse delivery thrown at a speed below normal control or takeout pace | 7. Arena air temperature, ideally maintained around forty degrees Fahrenheit | 8. Calibrated stone thrown by ice technicians to time sheet speed before a draw",1. The front brush in a tandem pair applying maximum downward force over the stone | 3. Sweeping call confirming the rock is light and requires active brushing to carry | 4. Persistent arena slope causing stones to drift laterally toward one sideline
2026-10-18,main,The Omnibus 6,#######F#####N#/###C###L##R##E#/###E##HOGTOHOG#/###N###O##T##A#/FOOTSLIDEFAULT#/###E###C##T##I#/###R###O##I##V#/DITCH##A##O##E#/I##O#BUTTON##H#/V##R######A##A#/O##R######L##N#/T##I##PIPEBAND#/###D######I##L#/###O######A##E#/#NARROW###S####,5. Standard interval stopwatch timing method used to calculate rock velocity over fifty feet | 6. Infraction called when a curler's sliding foot crosses the hog line before release | 7. Recessed channel situated behind the backboard to collect out-of-play stones | 8. The exact four-inch center circle of the house | 9. Bagpipe and drum corps traditionally leading championship finalists onto the ice | 10. Shot delivered inside the skip's broom line that risks crossing over too early,"1. Heavy water application poured across the concrete floor to seal the base ice | 2. Delivery error where reverse rotation is imparted, causing the stone to fall off its intended line | 3. The critical four-foot wide corridor extending along the center line from hack to hack | 4. Tendency of an individual stone to curl further on an in-turn than an out-turn | 7. Gouge in the sheet surface caused by an accidental stone drop or equipment strike"
2026-10-19,mini,Micro Grid 6,###W#C#/##DISH#/###N#A#/###G#T#/##R##T#/##U##E#/SUBZERO,3. Undesirable saucer-shaped low spot where water pools during the initial flooding phase | 5. Brine temperature range circulating beneath the concrete to maintain ice firmness,"1. Portion of the sheet situated outward near either boundary beyond the four-foot line | 2. Rapid micro-vibration audible when a stone encounters rough pebble or frost | 4. Gentle, incidental deflection off a stationary rock that barely changes the shooter's line"
2026-10-19,midi,Noon Spark 6,#T#########/#I###M###P#/#MICROMETER/#I###R###B#/#N###R###B#/#G#SKIPCALL/#B###S###E#/TEXTUREPAD#/#N###U###U#/#C###L###R#/#H#SWEEP#A#,4. Fine-tolerance measurement tool used to verify pebble nozzle hole dimensions | 5. Shot choice and broom placement indicated on the ice by the team captain | 6. Abrasive diamond pad used by ice technicians to scratch slick ice before pebbling | 7. Vigorously work the broom ahead of a moving rock to hold its line and carry distance,1. Elevated workstation stationed behind the backboards for game timekeepers | 2. Early Free Guard Zone variant that influenced the evolution of modern four-rock play | 3. Engineering metric assessing the compression hardness of frozen water droplets
2026-10-19,main,Crucible 6,####S####R####H/ELEVATEDHACK##E/####T##E#I####A/####E##L#S####V/#FULLSLIDERSHOE/####L##V#######/###AIRVELOCITY#/####T##R#F#####/###DELAYOFGAME#/####R##S#######/TREMOLITEFIBERS/####C##I#O#I##P/#TICK##C#R#T##I/#######K#C#E##E/#########E#R##L,"4. Specialized raised foothold designed to assist curlers with limited knee mobility | 6. Footwear manufactured with a solid, uninterrupted Teflon sole across the entire base | 7. Speed of HVAC airflow across the ice sheet, regulated to prevent localized drafts | 9. Official infraction assessed against a team intentionally stalling match tempo | 10. Silicate amphibole fibers naturally present in microscopic veins of historic granites | 14. Delicate carom shot that displaces a center guard toward the wings without knocking it out",1. An isolated guard positioned wide out toward the boundary sidelines | 2. Shot that propels a stationary rock forward along its line into the house | 3. Severe upward buckling of arena floors caused by freezing subterranean ground moisture | 5. Shaft fitted with a handle bracket permitting curlers to throw from an upright stance | 8. Directive shouted to sweepers to instantly cease brushing and step off the line | 11. Defensive tactical success achieved by limiting the hammer team to a single point | 12. Stone barely overlapping the outermost edge of the twelve-foot circle | 13. Colloquial abbreviation for a weekend or multi-day curling tournament
2026-10-20,mini,Quick Solve 7,B#D###I/A#E###N/C#U#C#O/KICKOFF/E#E#A#F/N###C##/DRYSHED,5. The explosive initial drive of the hack foot that powers the delivery slide | 6. Rink environment where industrial dehumidifiers maintain optimum low air moisture,1. Collective term for the third and skip who dictate strategy and play final stones | 2. Two-point score traditionally viewed as a successful offensive conversion with hammer | 3. Difficult carom shot where the shooter glances off an outside stone to ricochet into the house | 4. Bench tactician permitted to consult with players during designated timeouts
2026-10-20,midi,The Daily Grid 7,T####R#####/E#INTURNHIT/N####N#####/END##N##W##/N####I##E##/D##RING#T#W/M####G##I#I/A####P##C#C/THERMALLEAK/C####T#####/HORSEHAIR##,"3. Clockwise rotation applied to a takeout delivery to remove an opponent's stone | 4. Division of play consisting of sixteen delivered stones, eight per team | 6. Any of the three circular boundaries that establish scoring territory in the house | 8. Uninsulated wall seam or doorway allowing warm drafts to degrade perimeter pebble | 9. Natural stiff animal bristle historically utilized on competition brush heads","1. Regulation championship game length contested at World Championships and the Olympics | 2. Consistent ice lane conditioned and smoothed by repetitive stone passes | 5. Degraded playing surface with standing water pooling on pebble, causing extreme drag | 7. Glancing deflection off a stationary rock used to angle the shooter into position"
2026-10-20,main,The Masterpiece 7,##I##########C#/##C#H###T####O#/##E#O##FOAMCORE/##S#G###R####N#/#LEATHERGRIPPER/##A#O###E####R#/##L#T#CURL###B#/####E###N##S#U#/RUNNER##E##K#R#/####T###R##I#I#/##SLIPONGRIPPER/####M###A####D#/CORNERDRAW#####/########R######/BRUSHHEADDUMP##,5. Resilient interior dampener layer encased inside approved competition brush heads | 6. Vintage non-sliding sole fabricated from textured deerskin or crepe rubber | 7. The lateral curved trajectory traveled by a stone as its rotational speed decays | 9. High-velocity stone thrown to punch cleanly through guards and blast targets away | 10. Flexible rubber cover pulled over sliding Teflon when stepping off the ice sheet | 11. Touch shot calibrated to settle into the outer margins of the eight-foot ring | 12. Disqualified sweeping motion where the broom deposits scraped frost directly in the rock's path,1. Micro-thin water spray applied over painted circles to lock colors into place | 2. Scoring rock nestled in the outer wing fully protected by corner guards | 3. Stopwatch duration tracking the deceleration phase of a rock from hog line to house center | 4. Norwegian curling stalwart who competed across six Olympic Winter Games | 8. Rink captain who directs strategy from the house and usually plays fourth stones
2026-10-21,mini,Morning Coffee 7,T#####F/O###R#O/E###I#R/CROWN#F/O###G#E/A#####I/TIMEOUT,4. Deliberate convex ice slope running down the center corridor to enhance lateral curl | 5. Sixty-second tactical pause requested by a rink to confer with their coach,1. Durable polyurethane layer painted over the trailing shoe to reduce sliding drag | 2. Automatic defeat registered against a squad that fails to ice a legal four-person team | 3. Any of the three circular boundaries that establish scoring territory in the house
2026-10-21,midi,Midday Break 7,##A########/#JUNK####H#/P#D######E#/U#I#D#T##A#/S#BRUSHPAD#/H#L#A#I##E#/B#E#L#R##R#/L#B#G#T##P#/O#E#R#E##I#/C#E#I#E##P#/KEPPPOND#E#,"2. On-ice slang for a congested end packed with corner guards, biters, and frozen rocks | 7. Synthetic fabric face fastened to a broomhead to contact and polish ice pebble | 8. Historic Scottish site associated with early outdoor bonspiels and pioneer stones",1. Signal emitted by diagnostic testing tools when inspecting electronic stone handles | 3. Primary manifold pipeline distributing chilled refrigerant beneath the concrete slab | 4. Rubber wedge anchored in the hack providing solid purchase for delivery push-off | 5. Sweeping technique placing hands close together on the upper handle for rapid strokes | 6. Maximum theoretical stones that can remain in play before delivery number fourteen
2026-10-21,main,Weekend Edition 7,S##U######PIN##/O##N###T##R####/F#SPLITRELEASE#/T##R###E##S####/T#LOUDPANTS#S##/O##T###S##U#P##/U##E###O##R#I##/CLOCKMANAGEMENT/H##T###S##G#L##/###E###T##A####/###D###O##U####/###R###N##G####/##JOCKHENDERSON/###C###########/###K###########,3. Central brass marker or screw hole drilled into the ice at the center of the button | 5. Delivery flaw where the curler extends the arm before the slide foot stabilizes | 6. Colorful argyle and geometric trousers popularized by the Norwegian men's team in 2010 | 8. Disciplined decision pacing ensuring sufficient thinking time for late frames | 9. Nineteenth-century Scottish outdoor champion renowned for tactical trick shots,1. Elite throwing feel allowing a player to reliably deliver delicate draw weight | 2. Counting stone sitting exposed in the house without any guards shielding it | 3. Diagnostic device utilized in sports science to record downward brushing wattage | 4. Nickname for an opponent's rock that is accidentally promoted into scoring position | 7. Colloquial abbreviation for a weekend or multi-day curling tournament
2026-10-22,mini,Brain Snack 7,B######/U##P##L/R#FORCE/N##C##A/TANKARD/###E###/###TICK,"4. Tactical victory when defending without the hammer, holding the opponent to a single point | 5. The prestigious silver trophy hoisted annually by Canadian Brier champions | 6. Finesse shot grazing a center guard to the side without clearing it from play",1. Call made when a curler or broom makes accidental contact with a stone in motion | 2. Protected scoring zone nestled directly behind an established pair of guards | 3. Front-end player responsible for setting early guards and sweeping six stones per end
2026-10-22,midi,Brain Teaser 7,NOSETAKEOUT/E##########/G#O########/A#F########/TEFLONDISC#/I#####R###P/VICESKIP##I/E#####F###C/INSIDETRACK/C##########/E##########,1. Impact hitting a target rock dead center to transfer complete momentum and stop | 3. Replaceable circular sliding puck recessed into custom curling shoe outsoles | 6. Teammate who directs the skip's shots and holds measuring responsibilities | 7. Delivery lane running tight along the center corridor of the playing sheet,1. Sheet defect where a stone runs counter to its rotation and falls away | 2. Directive shouted to sweepers to instantly cease brushing and step off the line | 4. Unintended lateral displacement of a stone caused by minor sloping in the ice floor | 5. Disaster shot where a traveling rock encounters ice debris and veers sharply off line
2026-10-22,main,Brain Bender 7,###TIMECLOCK###/##Z##A####H####/#NEGATIVEPULL##/##R##T####C####/##O##D####K#P##/##P#PURPLEHEART/##O##N##O#E#T##/##I##S##W#N#C##/##N##T##S#D#H##/PIT##O#BITER#S#/##E##N##D#R##I#/#UNCHECKEDSTONE/##D#######O##K#/##########N##E#/#############R#,1. Overhead digital display monitoring allotted team thinking duration per game | 5. Aerodynamic vacuum hypothesized to influence lightweight brush heads during high-speed strokes | 7. Ceremonial crest historically sewn onto the sweaters of Brier provincial champions | 9. Recessed ice trough behind the hacks designed to catch excess pebble water and melt | 10. Stone that barely touches the outer twelve-foot margin of the house | 12. Rock allowed to glide freely down the sheet without any sweeping assistance,"2. Canadian skip celebrated for dynamic shotmaking and aggressive offensive strategy | 3. Influential Canadian curling builder, rules administrator, and championship official | 4. Frame concluded with no stones lying within the house to retain the hammer | 6. Embroidered fabric crest sewn onto competition jackets celebrating tournament appearances | 8. The downhill side of a sloped sheet where moving stones slide away and fall off line | 11. Delivery that unexpectedly loses its rotational curl and drives straight past the target"
2026-10-23,mini,Commuter Special 7,#P##M##/BURLING/#S##T##/CHATTER/#O##E##/RUB#N##/#T##S##,"3. Archaic Scottish term for tossing and swirling rough natural stones over lochs | 4. Rapid micro-vibration audible when a stone encounters rough pebble or frost | 5. Gentle, incidental deflection off a stationary rock that barely changes the shooter's line",1. Delivery flaw where the curler shoves the handle away from the body's center line | 2. Thermal fleece or leather handwear favored by front-end sweepers in cold sheds
2026-10-23,midi,Perfect Puzzler 7,##L##D#Y#W#/#PETERDEWIT/##A##A#L#N#/END##W#L#G#/#######O###/##S####W###/##THUMBREST/##I####O###/HACKSPACING/##K####K###/###VICESKIP,"5. Pioneering European curling builder, trainer, and international coaching figure | 6. Curling equivalent of an inning, consisting of sixteen stones delivered alternately | 8. Ergonomic groove molded into modern handles providing consistent grip placement | 9. Regulated distance between the left-handed and right-handed rubber footholds | 10. Teammate who directs the skip's shots and holds measuring responsibilities",1. Front-end player tasked with setting initial guards and sweeping six stones per end | 2. Shot delivered with just enough momentum to settle in the house without striking another stone | 3. The contrasting stone handle color customarily matched against red in tournament play | 4. Portion of the sheet situated outward near either boundary beyond the four-foot line | 7. Assisted delivery device permitted for recreational play and wheelchair competition
2026-10-23,main,The Grand Grid 7,PICK###BRIER###/##L#####A#X####/#PIN####C#P###T/S#M#T##WHOA###A/L#B#H###E#N###P/A#I#I###L#S###P/SANDRASCHMIRLER/H#G#D#L#O#O###O/##T###I#M#N###M/#FROSTCHATTER#O/##A#P#K#N#A###T/##C#L#S###N###I/##K#I#P###K###O/####T#O#######N/######T########,1. Disaster shot where a traveling rock encounters ice debris and veers sharply off line | 3. Annual Canadian men's championship whose winner hoists the silver Tankard | 6. Central brass marker or screw hole drilled into the ice at the center of the button | 10. Instruction to stop brushing and allow natural friction to curve the moving rock | 11. Iconic Saskatchewan skip who won three world titles and the 1998 Olympic gold | 13. Vibrational rumble heard when a stone runs across crystalized humidity accumulation,"2. Path where moving stones must curl uphill against the natural slope of the ice | 4. Ontario skip who captured multiple Scotties crowns and a World Women's Championship | 5. Plumbing reservoir accommodating liquid volume fluctuations in arena glycol systems | 7. Gentle touch shot nudging a teammate's stone forward into the scoring circle | 8. High-velocity takeout aimed across an angle to eliminate two stones separated laterally | 9. Rink position delivering rocks five and six, traditionally holding vice-skip duties | 12. Localized patch of polished pebble where stones travel with unexpectedly low friction | 14. Shot that hits a stationary stone to nudge both rocks into scoring positions"
2026-10-24,mini,Fast Five 7,##F####/##R#I##/#LOUNGE/##S#T##/OUTTURN/####R##/#BURNT#,3. Clubhouse viewing room where spectators and curlers watch games through glass panels | 4. Counterclockwise rotation imparted on a stone by a right-handed thrower | 5. Infraction called when a player or equipment makes accidental contact with a stone in motion,1. Airborne humidity crystalizing on the ice surface that creates drag and slows rocks | 2. Clockwise rotation imparted on a stone by a right-handed thrower
2026-10-24,midi,Coffee Break 7,#B#########/#A####SLASH/#S###R####E/#E#E#O#H##A/#W#N#O#A##V/RANDYFERBEY/#T###D#D##T/#E###R#L##H/#R###I#I##R/##CUPPING#O/#######E##W,2. High-velocity takeout aimed across an angle to eliminate two stones separated laterally | 7. Six-time Brier champion skip renowned for innovating the 'Ferbey Four' system | 8. Concave profile milled into a stone's underside that leaves a narrow running ring,"1. Initial water layers frozen directly against the concrete floor to seal pores | 3. Stone released with excessive forward velocity that sails past its target | 4. Hazardous water droplet falling from arena rafters that ruins pebbled sheets | 5. Standard division of play consisting of sixteen delivered stones, eight per team | 6. Aggressive sweeping call shouted by a skip when a rock threatens to sail past its target"
2026-10-24,main,Heavy Hitter 7,##W###T########/#SHARPENINGJIG#/P#E###A########/E#E#COMMONGREEN/B#L###C########/BACKBOARDBOUNCE/L#H###N########/E#A###A####S###/C#I###D####L###/H#R##HARD##I#R#/A#W########C#I#/THERMALGRADIENT/T#D########N#G#/E#G########G###/R#EXTENDER#####,3. Mechanical clamp holding ice scraper blades at precise angles during honing | 5. Ailsa Craig granite variety renowned for high structural density in stone bodies | 6. Stone rebound off rear cushions that results in an immediate dead-ball ruling | 8. Urgent vocal directive bellowed by the skip demanding maximum downward brush force | 10. Temperature differential across the ice surface that alters local curl behavior | 11. Brushing technique performed to prolong forward momentum and stretch rock carry,"1. Mechanical ice device placed behind the wheel to anchor a chair during stick delivery | 2. Defending national champion squad awarded automatic qualification to the Brier or Scotties | 4. Acoustic vibration produced by a stone traveling across coarse, uneven pebble | 7. Delicate throwing mechanic imparting an intentional outward release angle to manipulate curl | 9. Any of the three circular boundaries that establish scoring territory in the house"
2026-10-25,mini,Bite-Sized 7,##M###C/##E###A/CHATTER/##S###V/HOUSE#I/##R###N/TOEDRAG,"3. Rapid micro-vibration audible when a stone encounters rough pebble or frost | 4. The target area defined by concentric four-, eight-, and twelve-foot rings | 5. Trailing the toe of the sliding shoe along the ice to stabilize delivery balance",1. Precision mechanical gauge pivoted from the pin to resolve contested shot rocks | 2. Advanced sweeping technique orienting brush angles to actively steer stone curl
2026-10-25,midi,The Interlock 7,###W####S#W/###A####P#I/###R##L#L#N/#GAMETIMING/###I##P#T##/###C####T##/LINECALLING/########M##/R#ANGLEWICK/U#######N##/BOARDWEIGHT,5. Allotted thinking-clock system penalizing rinks that exceed time budgets | 6. Vocal instructions barked by the skip directing sweepers to hold or steer line | 8. Oblique carom delivery glancing off a stationary rock to slide into the house | 9. Takeout thrown with momentum calibrated to bump softly against the rear bumpers,"1. Surface running close to freezing temperature that softens pebble and slows rock glide | 2. Stopwatch technique measuring interval velocity between back line and hog line | 3. Portion of the sheet situated outward near either boundary beyond the four-foot line | 4. Raised ridge or imperceptible contour variation in the ice surface that alters rock travel | 7. Gentle, incidental deflection off a stationary rock that barely changes the shooter's line"
2026-10-25,main,The Omnibus 7,####D########T#/H#BROOMBALANCE#/O###U########A#/L###B#G######M#/E###L#R###F##R#/I#KEENICE#A##O#/N###K#P###L##S#/T#FINEPEBBLE#T#/H###O#E###I##E#/E###C#R#SINKER#/H###K##S##G####/O###O##K##A##C#/U###U##I##W##U#/SLABTEMPERATURE/E#########Y##L#,4. Using the brush shaft as a sliding crutch to stabilize the torso during delivery | 7. Low-friction surface conditions where stones glide effortlessly with minimal push | 8. Water droplet application using tiny spray to maximize rock running speed | 9. Delivery that unexpectedly loses its rotational curl and drives straight past the target | 12. Floor temperature measured continuously by probes buried beneath the ice sheet,1. Championship draw system permitting one loss before dropping to the B-event | 2. Official lineup of four players and designated alternate registered for competition | 3. Open corridor through defensive guards granting an unhindered draw to the pin | 5. Traction sole slipped over a slider foot when walking on the sheet between shots | 6. Lateral drift where a rock fails to curl and runs outward toward the side board | 10. Team strategist who calls shots from the house and traditionally throws fourth | 11. The lateral curved trajectory traveled by a stone as its rotational speed decays
2026-10-26,mini,Micro Grid 7,#S#R###/#C#I###/#R#N#B#/TANKARD/#P###I#/PEBBLE#/#R###R#,4. The prestigious silver trophy hoisted annually by Canadian Brier champions | 5. Water droplets sprayed onto the ice sheet that freeze into textured bumps,"1. Precision conditioning machine fitted with micro-adjustable blades to level the sheet | 2. Four-person curling squad, or the ice facility in which the match is staged | 3. Annual Canadian men's championship awarding the silver Tankard"
2026-10-26,midi,Noon Spark 7,###WARPING#/W#I###E####/HANDLEBOLT#/O#T###B####/A#U###L####/#CRADLEHACK/##N###S####/##D#SLIDE##/##R###Z####/##A###E####/##WICK#####,1. Structural curvature of the concrete arena floor caused by permafrost swelling | 5. Threaded steel bolt traversing the stone core to anchor the plastic handle assembly | 6. Nineteenth-century wooden foothold frame mounted flush onto natural outdoor ice ponds | 7. Forward glide out of the hack that establishes the stone's initial velocity | 8. Glancing deflection off a stationary rock used to angle the shooter into position,2. Diameter of applied water droplets calibrated to regulate rock travel speed and curl | 3. Instruction to stop brushing and allow natural friction to curve the moving rock | 4. Clockwise touch delivery curving into the house to come to rest as shot rock
2026-10-26,main,Crucible 7,S#G#####S######/T#R##R##T######/A#A##A##A######/CANADIANTRIALS#/K#D##S##I######/E#S##E##O######/D#L###H#N#P#H##/G#A###A#A#R#A##/U#M###C#R#O#N##/A##HACK#Y#M#D##/R#####F#C#O#L##/DRAWSTOTHETEE##/S#####O#A#I####/######T#I#O####/########RUNBACK,5. High-pressure national Olympic selection event famously called Roar of the Rings | 9. Foot-hold embedded into the ice from which deliveries are launched | 10. Throwing practice routine focused entirely on touching the transverse axis of the house | 11. Takeout executed by striking an exterior guard to drive it into a stone in the house,1. Multiple protective stones positioned in a direct linear column down center | 2. Elite televised tournament series contested annually by the world's top teams | 3. Wheelchair curling regulation requiring deliveries to be executed without momentum from the seat | 4. Shot that bumps a teammate's rock forward along its path closer to the button | 6. Foot braced firmly against the rubber wedge to initiate explosive delivery drive | 7. Advancing a teammate's rock closer to the center by striking it from behind | 8. Bolted plastic grip atop a granite stone used by the thrower to impart rotation
2026-10-27,mini,Quick Solve 8,WICK###/##O#S##/D#U#K#H/RUNTIME/I#T#P#A/F#E###V/T#R###E,1. Glancing deflection off a stationary rock used to angle the shooter into position | 6. The total elapsed seconds a thrown stone takes from hack release to complete rest,2. Any stone lying within the house that counts toward a team's score at the conclusion of an end | 3. Rink captain who directs strategy from the house and usually plays fourth stones | 4. Unintended lateral displacement of a stone caused by minor sloping in the ice floor | 5. Severe upward buckling of arena floors caused by freezing subterranean ground moisture
2026-10-27,midi,The Daily Grid 8,##C#B##F###/#CHALKBOARD/##I#I##A###/##E#N##M###/##F#D#DIVOT/##U#S##N###/##M#H#LSD##/##P#O##E###/PAINTEDRING/##R####T###/##E########,4. Historic club wall scorekeeper used before the advent of digital flip displays | 5. Gouge in the sheet surface caused by an accidental stone drop or equipment strike | 6. Common tournament abbreviation for the Last Stone Draw shootout preceding each draw | 7. Specialized vinyl pigment applied over base ice to outline colored scoring rings,"1. Head official responsible for resolving disputes, rules appeals, and timekeeping | 2. Delivery toward a target area entirely hidden behind stacked center guards | 3. High-density foam pad seated inside the brush head to cushion sweep impact"
2026-10-27,main,The Masterpiece 8,TUCKSLIDE######/##O#T########A#/##M#I###B####M#/##E#C###E##W#O#/#BACKOFTHEHOUSE/##R#####I##O#M#/##O#####N##D#O#/#RUNNER#D##E#S#/B#N#####T##N#A#/U#D#####HOTHAND/REDCIRCLE##A#E#/N#R#####H##N#R#/T#A#####A##D###/##WIDE##C##L###/########K##E###,"1. Delivery mechanic where the curler drops their hips and lifts the trailing heel onto its toe | 7. The lower hemisphere of the house situated behind the transverse tee line | 8. High-velocity stone thrown to punch cleanly through guards and blast targets away | 10. Colloquial term for a skip or thrower executing nearly one hundred percent of their shots | 11. The intermediate four-foot scoring circle painted red in standard Olympic houses | 12. Delivery that tracks outside the skip's target broom, often struggling to curl back in time",2. Curving touch shot delivered around a guard to bury safely in the rings | 3. Assisted delivery device permitted for recreational play and wheelchair competition | 4. Italian powerhouse who partnered with Constantini to win 2022 Olympic mixed doubles gold | 5. Waiting area behind the delivery backboard reserved for the shooting team | 6. Primitive hand grip carved from hardwood mounted on antique pond stones | 9. Infraction called when a player or broom makes contact with a moving stone
2026-10-28,mini,Morning Coffee 8,NOSEHIT/######O/HOGLINE/A#U###C/C#A###A/K#R###P/##D####,"1. Strike where the shooter contacts the target stone dead-center, killing momentum | 3. Transverse threshold a delivered stone must cleanly cross to remain legally in play",2. Protective vulcanized rubber shield coating the front of the trailing slider shoe | 3. Rubber-lined foothold embedded in the ice used to push off during delivery | 4. Rock intentionally stationed short of the rings to shield a scoring path
2026-10-28,midi,Midday Break 8,###N###S#F#/#S#O###O#O#/KILSYTHCLUB/#D#E#O#H#R#/CENTRELINE#/#B#A#D#R#N#/#O#K#R#I#D#/#A#E#A#N#E#/#R#O#G#K#R#/#D#U###S###/#S#T#######,5. Scottish curling society claiming documented continuous organization since 1716 | 7. Longitudinal axis running the length of the sheet from hack to backboard,1. Impact hitting a target rock dead center to transfer complete momentum and stop | 2. The Ice Cube venue constructed along the Black Sea for the 2014 Olympic Games | 3. Lethal four-point conversion that typically establishes decisive game control | 4. Lateral perimeter walls bounding the ice sheet along its entire length | 6. Trailing the toe of the sliding shoe along the ice to stabilize delivery balance
2026-10-28,main,Weekend Edition 8,######K######H#/#C####E##D#SKIP/#L####E##U###T#/OUTTURNDRAW##A#/#T####I##L###N#/#TACTICALBOARD#/#E####E##R###R#/#R###P###O###O#/#####I##PORT#L#/O####V###M###L#/FIVEFOOTRING###/F####T###N#####/###FALLINGTRACK/#####E#########/#####G#########,5. Team strategist who calls shots from the house and traditionally throws fourth | 6. Counterclockwise touch delivery curving into the house to come to rest as shot rock | 7. Magnetic dry-erase coaching clipboard illustrating rock placement options | 9. Narrow corridor between two stationary stones through which a delivered rock must pass | 11. Non-standard scoring circle occasionally painted on recreational or novelty sheets | 12. Zone of the sheet where an uneven ice slope pushes rocks outward toward the boards,1. Low-friction surface conditions where stones glide effortlessly with minimal push | 2. Shot that strikes a target stone and caroms across the sheet behind cover | 3. Tactical condition featuring numerous stones congested in and around the house | 4. Tandem sweeping technique where both sweepers work in close synchronization | 8. Trailing limb tucked underneath the torso to provide stability throughout the sliding phase | 10. Directive shouted to sweepers to instantly cease brushing and step off the line
2026-10-29,mini,Brain Snack 8,#T###I#/FASTICE/#P###E#/#B###D#/HACKCUP/#C###S#/SKIP#T#,"3. Condition where stones glide exceptionally far with minimal effort, requiring less push | 4. Recessed indentation cast into the arena concrete floor to receive the hack | 5. Rink captain who directs strategy from the house and usually plays fourth stones",1. Delicate bump shot that nudges an opponent's rock deeper into the rings | 2. Microscopic frozen particles scraped up by heavy brushing or hard sliding stops
2026-10-29,midi,Brain Teaser 8,SITTINGSHOT/#######I###/###DUALGRIP/#H#####H###/#I###WETICE/#G#####L###/SHADOWLINE#/#S#####N###/FIVEENDER##/#D#########/PEBBLECAN##,"1. Holding the stone positioned closest to the button at any point during an end | 3. Sweeping technique placing hands close together on the upper handle for rapid strokes | 5. Degraded playing surface with standing water pooling on pebble, causing extreme drag | 6. Faint optical illusion across pebbled ice caused by uneven overhead arena fixtures | 7. Rare five-point explosion that nearly insurmountable damage inflicts on opponents | 8. Handheld copper container used for manual water droplet application in older clubs","2. Visual vector aligning the thrower's eye, delivery stick or stone, and skip's broom | 4. The uphill side of a sloped sheet where moving stones resist natural curl"
2026-10-29,main,Brain Bender 8,###K######H####/###I#CURL#O####/T##C###O##G#A##/HACKTOHACKTIME#/R##I###R##O#B#B/O##N###O##H#I#A/WEIGHTOFSTONE#T/I##T###T##G#N#T/N##H#S#H####T#E/G##E#H#E##P#T#R/O##HEATRECOVERY/R##A#V#I##C#M#P/D##C#I#N##K#P#A/E##K#N#G##E###C/R####G#S##T###K,"3. The lateral curved trajectory traveled by a stone as its rotational speed decays | 7. Interval stopwatch measurement timed from the delivery foothold to the receiving hack | 9. Engraved mass metric stamped into stone handles, standard between 38 and 44 pounds | 12. HVAC engineering system capturing compressor heat to warm viewing galleries","1. Infraction where the thrower's push foot inadvertently shifts the rubber foothold | 2. Standard interval stopwatch timing method used to calculate rock velocity over fifty feet | 4. Official trademark moniker of the Canadian Olympic Curling Trials | 5. Prescribed team delivery sequence progressing from lead to second, third, and fourth | 6. Arena air temperature, ideally maintained around forty degrees Fahrenheit | 8. Internal power supply enclosed inside electronic sensor handles | 10. Fine sliver of ice sheared from pebble peaks by the scraper knife during grooming | 11. Protected scoring zone nestled directly behind an established pair of guards"
2026-10-30,mini,Commuter Special 8,#SLASH#/##O##O#/D#W##G#/I#S##G#/SPINNER/H#D##D#/##END##,"1. High-velocity takeout aimed across an angle to eliminate two stones separated laterally | 5. Stone thrown with excessive rotation that fails to curl and tracks straight | 6. Division of play consisting of sixteen delivered stones, eight per team",2. The downhill side of a sloped sheet where moving stones slide away and fall off line | 3. Violation called when a delivered rock fails to completely clear the far hog line | 4. Undesirable saucer-shaped low spot where water pools during the initial flooding phase
2026-10-30,midi,Perfect Puzzler 8,####P#F####/YELLOWROCKS/####S#O###I/#WHITESHEET/####C#T###T/####O#P###I/####N#O###N/####T#C###G/TAPBACKSHOT/####C#E###W/####T#T###O,3. The contrasting stone handle color customarily matched against red in tournament play | 5. Bright background created by painting sub-ice white to maximize stone visibility | 6. Controlled hit intended to nudge an opponent's rock deeper into the house,1. Lateral glide path followed by a stone after caroming off a target rock | 2. Localized depression on a sheet where ambient humidity condenses into frost | 4. Lying count with the two best rocks in the house during active play
2026-10-30,main,The Grand Grid 8,###G##R#C#####G/#FULLSOLESLIDER/###Y##T#N###R#O/###C##A#T#B#A#O/###O##T#E#L#F#M/###L##I#R#A#T#I/######O#P#N#C#N/PAIRRUNBACK#O#G/######A#S#I#N#M/##P###L#S#N#T#O/HEATEXCHANGER#W/A#T###O#G###O#E/C#C###U#E###L#R/K#H###N########/###ICETHICKNESS,5. Continuous sheet of Teflon covering the entire underside of the sliding shoe | 8. Advanced shot driving two aligned guards sequentially backwards into the scoring area | 10. HVAC refrigeration component extracting thermal energy from chilling systems | 11. Total measurement from the concrete base slab to the top of the frozen pebble,1. Chilled antifreeze chemical compound pumped through sub-slab refrigeration tubes | 2. The total number of rotations a delivered rock completes over its run | 3. Open corridor running down the center line between two opposing corner guards | 4. Motorized ice machine equipped with revolving blades to trim pebble crowns | 6. HVAC management preventing air currents from warping stone delivery trajectories | 7. Deliberately throwing through the rings with hammer to maintain last-stone advantage | 9. Embroidered fabric crest sewn onto competition jackets celebrating tournament appearances | 10. Foothold embedded into the ice from which deliveries are launched
2026-10-31,mini,Fast Five 8,##SLASH/#####H#/TIMEOUT/H####T#/I####O#/R###RUB/D####T#,"1. High-velocity takeout aimed across an angle to eliminate two stones separated laterally | 3. Sixty-second tactical pause requested by a rink to confer with their coach | 4. Gentle, incidental deflection off a stationary rock that barely changes the shooter's line","2. Winning a curling contest without permitting the opposing rink to score a single point | 3. Rink position delivering rocks five and six, traditionally holding vice-skip duties"
2026-10-31,midi,Coffee Break 8,##CURLAXIS#/######L###K/####BITER#E/######E###E/######R#K#N/SWINGINGICE/######A#C#R/####L#T#K#R/TEXTILELOGO/#N##P###F#C/#D####OFF#K,1. Theoretical vertical axis around which a curling stone rotates during its transit | 4. Stone that barely grazes the outer twelve-foot margin of the house | 6. Playing surface exhibiting exceptional amounts of curl from hog line to house | 8. Porous fabric emblem frozen between ice coats to display corporate event sponsors | 10. Directive shouted to sweepers to instantly cease brushing and step off the line,"2. Fifth player on an elite roster permitted to substitute between ends or games | 3. Stone with a highly polished running band that travels faster with less resistance | 5. The explosive initial drive of the hack foot that powers the delivery slide | 7. Raised ridge or imperceptible contour variation in the ice surface that alters rock travel | 9. Curling equivalent of an inning, consisting of sixteen stones delivered alternately"
2026-10-31,main,Heavy Hitter 8,P###CORNBROOM##/E#####O#R######/B###R#L#E###S##/B##CURLINGTAPE#/L###N#O#D###L#D/E###B#U#A###I#R/RINKATTENDANT#A/E###C###B###C#W/STICKYSPOT##I#B/I###A###T###R#O/D###N###T###C#A/U###G#WICK##L#R/E###L###H##LEAD/####E###E###S##/########R######,2. Vintage straw sweeper swung with a slapping motion across unsealed club ice | 7. Specialized low-friction adhesive applied to shoe soles before commercial sliders became universal | 9. Club employee responsible for emptying rock troughs and maintaining walkways | 10. Patch of frost or degraded pebble that suddenly robs a moving stone of momentum | 11. Glancing deflection off a stationary rock used to angle the shooter into position | 12. Front-end player responsible for setting early guards and sweeping six stones per end,"1. Powdered ice crystals generated around the stone's running edge from friction | 3. Takeout shot that strikes the target rock and caroms completely out of the playing area | 4. Alberta skip who captured the 2021 Canadian men's championship with precision draw play | 5. Geometric alignment calculated to drive an exterior guard into a target scoring stone | 6. Spreading counting rocks across both outer margins of the twelve-foot circle | 8. Clubhouse bracket display showing pool pairings, schedules, and sheet allocations"
2026-11-01,mini,Bite-Sized 8,#B##D##/DEBRIS#/#E##S##/DRYSHED/#J#####/SUBZERO/#G#####,3. Stray brush hairs or dirt on the sheet that pose a hazard for moving stones | 4. Rink environment where industrial dehumidifiers maintain optimum low air moisture | 5. Brine temperature range circulating beneath the concrete to maintain ice firmness,1. Pitcher of ale traditionally purchased by the winning rink during post-game broomstacking | 2. Undesirable saucer-shaped low spot where water pools during the initial flooding phase
2026-11-01,midi,The Interlock 8,##L########/#MULTIPLE##/##C#R######/##K#A######/DRYSCRAPE##/##B#K######/FLOODWATER#/O#U#R######/RUNNINGRAMP/C#C#F######/E#E#T######,2. Substantial score of three or more points registered in a single frame | 4. Pre-draw maintenance run that shears high pebble tops without applying fresh hot water | 5. Hot deaerated water poured over leveled concrete to create the primary ice slab | 6. Elevated ice buildup around hack edges that can deflect a thrower's delivery path,1. Fortuitous carom off an opponent's stone resulting in an unexpected counter | 3. Subtle lateral deviation created when stones repeatedly trace the same groove in the ice | 5. Defensive victory achieved by restricting a hammer team to a single point
2026-11-01,main,The Omnibus 8,###A###########/#SKIP##C###C#D#/###R###A###L#O#/###D###T###E#U#/###E###C###A#B#/###W###H###N#L#/###P#DRIFTMETER/###O###N###N#T#/STRIKINGBAND#A#/#E#N###A#####K#/#EXTRAENDHAMMER/#L#####E#####O#/#ICEREADING##U#/#N#####G#####T#/REARSWEEPER####,2. Team strategist who calls shots from the house and traditionally throws fourth | 6. Precision level or laser tool utilized by ice technicians to verify floor levelness | 7. Precision-profiled perimeter of a granite rock designed to absorb stone-to-stone collisions | 9. The decisive tactical advantage of throwing the final rock in sudden death | 10. Mental discipline of tracking pebble decay and mapping changing sheet tracks | 11. The secondary brush in a tandem pair who clears loosened pebble and polishes path,1. Critical arena atmospheric metric managed by technicians to eliminate frost formation | 3. Dangerous occurrence where a stone tips onto its rim after encountering a deep rut | 4. Frame where both teams execute repetitive peel takeouts to keep the house empty | 5. Power delivery designed to collide with and eliminate two target stones in one shot | 8. Stripe traversing the sheet exactly through the center of each house
2026-11-02,mini,Micro Grid 8,#P###K#/CUPPING/#S###E#/#HOGGED/#O###P#/RUB##A#/#T###D#,"3. Concave underside design of a stone that leaves only an annular ring touching the ice | 4. Violation called when a delivered rock fails to completely clear the far hog line | 5. Gentle, incidental deflection off a stationary rock that barely changes the shooter's line",1. Delivery flaw where the curler shoves the handle away from the body's center line | 2. Cushioned guard strapped to the trailing knee by curlers who slide low to the ice
2026-11-02,midi,Noon Spark 8,FORCE#P####/###U##I##T#/#PURGINGAIR/###L##P##G#/#####COACH#/H#####I##T#/A#CLEANING#/M#####T##U#/M#######TAP/E########R#/ROLLBEHIND#,1. Defensive tactical success achieved by limiting the hammer team to a single point | 5. Maintenance procedure bleeding trapped air bubbles out of sub-floor cooling tubes | 6. Bench tactician permitted to consult with players during designated timeouts | 8. Sweeping lightly ahead of a stone without applying heavy downward pressure | 9. Soft-weight delivery aimed to bump a stationary rock back by only a few inches | 10. Takeout that caroms the shooter sideways to settle safely behind an established guard,2. The lateral curved trajectory traveled by a stone as its rotational speed decays | 3. Survey mark drilled into the base floor denoting the dead center of the house rings | 4. Shielding stone resting only a few feet in front of the counter it protects | 7. Advantage held by the team delivering the final stone of an end
2026-11-02,main,Crucible 8,########CLUTTER/###S#H########U/###A#A##S#####N/###N#N##T#W#T#N/###D#D##O#I#R#I/###B#L##N#D#A#N/##LASERLEVELING/I##S#S##D#S#L#C/C##E#W##I#I#I#O/E####I##A#D#N#N/E#CONTROLWEIGHT/M####C######F#A/BLADEHONING#O#C/E###########O#T/D##SOFTWEIGHT##,1. Tactical condition featuring numerous stones congested in and around the house | 8. Modern maintenance procedure ensuring the concrete ice floor is flat to millimeter grade | 10. Takeout speed calibrated to hold line cleanly while preserving throwing control | 11. Precision sharpening process required to maintain razor edges on scraper knives | 12. Finesse delivery thrown at a speed below normal control or takeout pace,"2. Microscopic interface where polished granite makes contact with frozen pebble beads | 3. Traditional sub-floor substrate commonly used in older rinks before concrete slabs | 4. Internal sensor circuit detecting when a curler's fingers grip the handle | 5. Gauge deployed by stone technicians to measure running-surface circular tolerance | 6. Section of the sheet displaying pronounced lateral swing and aggressive curl | 7. Limb extended behind the body to balance the slider leg throughout the slide | 9. Any painted boundary, marker, or electronic sensor frozen within the playing pad"
2026-11-03,mini,Quick Solve 9,B###OFF/A#####O/CHILLER/K#####F/E#RAISE/N#####I/D#SHEET,"2. Directive shouted to sweepers to instantly cease brushing and step off the line | 4. Industrial compressor refrigeration unit circulating sub-zero brine underneath the floor | 5. Shot that bumps a stationary rock forward along its path toward the button | 6. The complete rectangular strip of prepared ice bordered by hog, tee, and back lines",1. Collective term for the third and skip who dictate strategy and play final stones | 3. Automatic defeat registered against a squad that fails to ice a legal four-person team
2026-11-03,midi,The Daily Grid 9,###K####H##/LATENTHEAT#/###P##E#R#O/DEEPGUARD#U/###P##D#L#T/###O##T#I#O/###N##O#N#F/###D##H#E#P/##R###E###L/##U###A###A/PEBBLEDECAY,"3. Thermal energy absorbed or released by water during freezing and melting phase changes | 6. Stone positioned barely above the twelve-foot circle, close to counting rocks | 8. Progressive erosion of frozen pebble crowns under the passage of heavy stones","1. Historic Scottish site associated with early outdoor bonspiels and pioneer stones | 2. Aggressive sweeping call shouted by a skip when a rock threatens to sail past its target | 4. Primary round-robin tiebreaker comparing results between tied rinks | 5. Official designation for a stone that crosses the back line or contacts the side boundary | 7. Gentle, incidental deflection off a stationary rock that barely changes the shooter's line"
2026-11-03,main,The Masterpiece 9,#SPEEDTRAP#A###/##I########R###/TAPEREDBROOM###/A#E#I#U####O###/P#B#N#A####R###/#HACKALIGNMENT#/##N###P####D###/##D###E##PICK##/######B##I#A##B/######B##T#B##R/######L####L##I/####FLIPRELEASE/######N#######R/###WEIGHTJUDGE#/###############,1. Pair of optical timing sensors measuring interval velocity across the hog line | 4. Handle engineered with a variable diameter to enhance downward leverage while brushing | 7. Surveying process ensuring rubber footholds face the center of the receiving house | 8. Disaster shot where a traveling rock encounters ice debris and veers sharply off line | 10. Delivery fault where an erratic wrist twitch flips the stone off its intended line | 11. Sweeper whose primary responsibility during the slide is estimating final stopping distance,"2. Bagpipe and drum corps traditionally leading championship finalists onto the ice | 3. Heavy-duty wire conduit protecting sub-slab temperature sensors under ice pads | 4. Soft-weight delivery aimed to bump a stationary rock back by only a few inches | 5. Four-person curling squad, or the ice facility in which the match is staged | 6. Application technique laying a foundation of coarse pebble topped by fine droplets | 8. Recessed ice trough behind the hacks designed to catch excess pebble water and melt | 9. Annual Canadian men's championship whose winner hoists the silver Tankard"
2026-11-04,mini,Morning Coffee 9,##BLANK/##U####/CARVING/R#L####/O#INOFF/W#N####/N#GUARD,1. Scoreless frame intentionally played to retain the last-stone advantage into the next end | 2. Advanced sweeping technique orienting brush angles to actively steer stone curl | 3. Difficult carom shot where the shooter glances off an outside stone to ricochet into the house | 4. Rock deliberately positioned between the hog line and house to shield a scoring path,1. Archaic Scottish term for tossing and swirling rough natural stones over lochs | 2. Deliberate convex ice slope running down the center corridor to enhance lateral curl
2026-11-04,midi,Midday Break 9,#######PICK/HEAVE##O###/###A#SECOND/###L###K###/#FASTSHEET#/###W###T###/LASERSIGHT#/###E#T#U###/###P#I#A###/###E#CURL##/###R#K#D###,1. Disaster shot where a traveling rock encounters ice debris and veers sharply off line | 2. Severe upward buckling of arena floors caused by freezing subterranean ground moisture | 4. Rink member who delivers the team's third and fourth stones of an end | 5. Low-friction ice surface allowing rocks to travel with exceptionally light push | 6. Training aid mounted to stone handles projecting a straight beam to verify delivery line | 8. The lateral curved trajectory traveled by a stone as its rotational speed decays,1. Shielding stone thrown specifically to protect a draw sitting in the outer wing | 3. Slang term for a team's primary power sweeper assigned to carry rocks distance | 7. Assisted delivery device permitted for recreational play and wheelchair competition
2026-11-04,main,Weekend Edition 9,##A############/WEIGHT###S#S###/##R######I#T###/##CHAMONIX#O#E#/##I######E#N#X#/##R######N#E#P#/##C#S####D#O#A#/BRUSHANGLE#F#N#/##L#O####R#D#S#/##A#T######E#I#/NOTICKPROVISION/##O#L######T#N#/#BROOMSTACKING#/####C######N#A#/####K#RUNWAY#P#,2. Velocity and momentum imparted to a stone upon release | 5. French alpine host city of the inaugural 1924 Olympic curling competition | 8. Orientation of the broom head relative to stone travel used to steer curl | 9. Modern rule clause barring displacement of center guards touching the center line | 10. Post-match social tradition where opposing rinks sit together for drinks and conversation | 11. Pebbled corridor down the sheet continually smoothed by consecutive stone paths,"1. De-stratification ceiling fan mixing warm ceiling air to stop sheet condensation | 3. Massive six-point score registered in a single frame, virtually deciding a contest | 4. Famous final delivery thrown to clinch the 2002 Olympic women's championship | 6. Perimeter floor spacing allowing concrete ice slabs to expand without buckling boards | 7. Digital timer displaying remaining seconds for a team to complete its delivery cycle"
2026-11-05,mini,Brain Snack 9,W#S#I#N/A#T#N#O/R#E#T#S/MEASURE/I#L#R#H/C###N#I/E#####T,5. Brass mechanical gauge deployed by the umpire to resolve stones equidistant from the pin,"1. Surface running close to freezing temperature that softens pebble and slows rock glide | 2. Scoring points in an end when not in possession of the hammer | 3. Clockwise rotation applied upon release by a right-handed thrower | 4. Strike where the shooter contacts the target stone dead-center, killing momentum"
2026-11-05,midi,Brain Teaser 9,###G#A#####/PAIRRUNBACK/###E#D#R#L#/#H#E#I#A#E#/#I#N#B#D#A#/#G#H#L#JUNK/#H#O#E#A#S#/#S#N#B#C#W#/#I#E#E#O#E#/#DRYPEBBLE#/#E###P#S#P#,"3. Advanced shot driving two aligned guards sequentially backwards into the scoring area | 7. On-ice slang for a congested end packed with corner guards, biters, and frozen rocks | 8. Pebble droplets frozen without bonding firmly to base ice, leading to chipping",1. Ailsa Craig granite variant predominantly utilized for stone body inserts due to durability | 2. Signal emitted by diagnostic testing tools when inspecting electronic stone handles | 4. Northern Ontario skip who powered his squad to 2014 Olympic gold in Sochi | 5. Gentle brushing motion applied solely to clear dust without altering stone curl | 6. The uphill side of a sloped sheet where moving stones resist natural curl
2026-11-05,main,Brain Bender 9,#N#############/#A#THIRD#######/#T####U#####M#F/#U#RUNNER###E#O/#R####N##F##L#U/#A###MICROMETER/#LEAD#N##A##I#T/#I####G##M##N#H/#C####T##I##G#T/TEELINERUNNER#H/######M##S##U#R/######P##E##N#O/#WILLIECARSON#W/###S##R##T##E#E/###D########R#R,"2. Rink position delivering rocks five and six, traditionally holding vice-skip duties | 6. High-velocity stone thrown to punch cleanly through guards and blast targets away | 8. Fine-tolerance measurement tool used to verify pebble nozzle hole dimensions | 9. Front-end player tasked with setting initial guards and sweeping six stones per end | 10. Delivered stone tracking right along the transverse axis of the playing sheet | 11. Historic stone manufacturer whose Scottish workshop standardized granite shapes",1. Unrefrigerated sheet frozen outdoors on ponds or inside unheated timber sheds | 3. Sub-surface ice temperature range typically maintained between 21 and 23 degrees Fahrenheit | 4. Microscopic phenomenon where friction temporarily liquefies ice crystal tips under the stone's base | 5. Position player assigned to throw final stones when the skip plays elsewhere | 7. High-density foam pad seated inside the brush head to cushion sweep impact | 12. Common tournament abbreviation for the Last Stone Draw shootout preceding each draw
2026-11-06,mini,Commuter Special 9,F#E####/RUNBACK/O#D##R#/S####A#/T#SLIDE/#####L#/WETICE#,"3. Takeout where a shooter strikes a guard to drive it into a target stone deeper in the house | 5. Forward glide out of the hack that establishes the stone's initial velocity | 6. Degraded playing surface with standing water pooling on pebble, causing extreme drag","1. Airborne humidity crystalizing on the ice surface that creates drag and slows rocks | 2. Standard division of play consisting of sixteen delivered stones, eight per team | 4. Metal holding rack positioned behind the back line to store stones not in play"
2026-11-06,midi,Perfect Puzzler 9,#P#THIRD#H#/#E####U##O#/#E####N##G#/#LAZYHANDLE/######W##I#/######A##N#/#P##DRYSHED/#I####R####/KNOXTROPHY#/######C####/##CHALKLINE,"2. Rink position delivering rocks five and six, traditionally holding vice-skip duties | 5. Delivery where rotation stalls prematurely, causing the stone to dump off line | 7. Rink environment where industrial dehumidifiers maintain optimum low air moisture | 8. Historic Scottish award presented for regional outdoor club competitions | 9. String line snapped across bare concrete to establish boundary coordinates",1. Delivery thrown with heavy force designed to eliminate both a guard and the shooter itself | 3. Stone thrown with excessive momentum that threatens to hit the backboards | 4. Transverse boundary stone must cleanly clear without stopping to stay in play | 6. Central brass marker or screw hole drilled into the ice at the center of the button
2026-11-06,main,The Grand Grid 9,MANITOBATUCK###/####R#L###L####/####A#U##COACH#/#S##C#E#R#C####/#K##Y#H#I#K####/#I##F#O#N#M####/#PULLINGGUARDS#/#S##E#E###N####/#W##U#D##HANDLE/#E##R#R###G####/#E##Y#U###E####/#P####N###M####/HIGHLANDDRESS##/#N####E###N####/#G##CURLRATIO##,1. Regional delivery posture featuring an exceptionally low hip drop and raised back heel | 5. Bench tactician permitted to consult with players during designated timeouts | 8. Aggressive tactical decision to repeatedly throw stones into the guard zone | 9. Bolted plastic grip atop a granite stone used by the thrower to impart rotation | 10. Traditional Scottish kilt regalia donned by bagpipers during tournament ceremonies | 11. Mathematical relationship between total forward distance and lateral hook,2. Top-ranked Canadian skip and vice-skip known for elite tactical strategy and consistency | 3. Fitted bottom running insert made from Blue Hone granite to resist water absorption | 4. Disciplined decision pacing ensuring sufficient thinking time for late frames | 6. Tactical scenario where the skip assists sweeping behind the receiving tee line | 7. Any of the three circular boundaries that establish scoring territory in the house
2026-11-07,mini,Fast Five 9,PEBBLE#/O#L####/I#A####/N#N###P/TAKETWO/######R/######T,1. Water droplets sprayed onto the sheet that freeze into textured bumps | 4. Tactical decision with hammer to settle for a pair of points rather than forcing a blank,"1. Basic scoring unit awarded for each counter closer to the pin than any opposing rock | 2. End concluded with zero stones in the house, maintaining last-stone advantage | 3. Narrow corridor between two stationary stones through which a delivered rock must pass"
2026-11-07,midi,Coffee Break 9,CLUTTER##A#/E###O##O#U#/N#H#E##U#D#/TEAMCAPTAIN/E#C#A##T#B#/R#K#P#CURL#/G#P####R#E#/U#U####N#B#/A#S####H#E#/R#HACKLINE#/D######T#P#,1. Tactical condition featuring numerous stones congested in and around the house | 6. Designated team leader representing the rink at coin tosses and official meetings | 7. The lateral curved trajectory traveled by a stone as its rotational speed decays | 8. Transverse line embedded in the ice upon which the delivery footholds are centered,1. Rock placed on the mid-line between hog and tee lines to anchor defensive ends | 2. Protective vulcanized rubber shield coating the front of the trailing slider shoe | 3. Signal emitted by diagnostic testing tools when inspecting electronic stone handles | 4. Counterclockwise rotation applied to a takeout delivery to remove an opponent's stone | 5. Explosive leg extension against the rubber foothold that powers the entire slide
2026-11-07,main,Heavy Hitter 9,J#########T####/O####E####H####/CURLAXIS##I####/E####P####N####/L##LEADROCK####/Y####N####I#T##/N##F#S####N#H##/P#FINISHINGKICK/E##V#O#A##T#R##/T##E#N#R##I#T##/ENGRAVEDNUMBER#/R##O#A####E#E##/M##C#L######N##/A##KEVINKOE####/N####E#########,4. Theoretical vertical axis around which a curling stone rotates during its transit | 5. Either of the opening pair of stones thrown in an end to establish early positioning | 8. Sudden aggressive curl exhibited by a stone during its final rotation before stopping | 10. Numeral from one through eight etched onto handles to track stone matching | 11. Four-time Brier champion skip celebrated for remarkable last-rock clutch shotmaking,1. Canadian Olympian and championship second who won national titles in two disciplines | 2. Modern timing method that clocks only the duration a team spends deciding on its shot | 3. Refrigeration hardware controlling the flow of liquid refrigerant into chilling tubes | 6. Maximum theoretical stones that can remain in play before delivery number fourteen | 7. Free Guard Zone regulation barring removal of early guards prior to the sixth delivery | 9. Urgent vocal directive bellowed by the skip demanding maximum downward brush force
2026-11-08,mini,Bite-Sized 9,#DRAW#P/I###A#O/N###R#C/O###P#K/FASTICE/F###N#T/#WING##,"1. Touch shot delivered to come to rest inside the rings without hitting another stone | 5. Condition where stones glide exceptionally far with minimal effort, requiring less push | 6. Portion of the sheet situated outward near either boundary beyond the four-foot line",2. Structural curvature of the concrete arena floor caused by permafrost swelling | 3. Protected scoring zone nestled directly behind an established pair of guards | 4. Difficult carom shot where the shooter glances off an outside stone to ricochet into the house
2026-11-08,midi,The Interlock 9,#R###S##W##/DOUBLERAISE/#U###C##D##/#N#FRONTEND/#D###N#####/#R#P#D#####/#O#A#R#####/#BOTTOMTURN/#I#C#C#A###/#N#H#K#P###/###########,4. Complex promotion shot driving one stone into a second to propel a third forward | 5. Collective term for the lead and second who perform the bulk of a team's sweeping | 7. Delicate release technique applying the handle rotation during the final inch of finger contact,"1. Preliminary tournament stage where each team faces every opponent in its pool | 2. Stones delivered by the second player, usually tasked with setup or early hits | 3. Delivery that tracks outside the skip's target broom, often struggling to curl back in time | 6. Embroidered fabric crest sewn onto competition jackets celebrating tournament appearances | 8. Soft-weight delivery aimed to bump a stationary rock back by only a few inches"
2026-11-08,main,The Omnibus 9,###M##SLICING##/###U##W##O#####/TEXTUREBRUSH###/###H##E##N#####/#WHOA#P#STICK##/T##I##I##E###D#/A##L##N##R###R#/P##L##G######I#/A##CONCAVEKNIFE/N##L##A######T#/DEHUMIDIFIER###/R##B##E########/O#####N########/L#####C########/L###ICEDAMPENER,2. Delicate throwing mechanic imparting an intentional outward release angle to manipulate curl | 4. Grooming tool used to lightly scratch base ice before pebbling to ensure bonding | 5. Instruction to stop brushing and allow natural friction to curve the moving rock | 6. Assisted delivery device permitted for recreational play and wheelchair competition | 9. Scraper blade ground with a bowed edge designed to shape a subtle crown down the ice | 10. Industrial air-handling system critical for extracting arena moisture to stop frost | 11. Acoustic arena panel absorbing loud echoes of skip calls and granite collisions,1. Pioneering Scottish society with documented curling records dating back to 1739 | 2. Rapid stroke tempo maintained by competitive sweepers across the stone's trajectory | 3. Any stone lying within the house that counts toward a team's score at the conclusion of an end | 7. Soft hit bumping an opponent's rock deeper while rolling into active cover | 8. Unintended lateral displacement of a stone caused by minor sloping in the ice floor
2026-11-09,mini,Micro Grid 9,H##YES#/O####O#/TAKEOUT/H####R#/A####I#/N#DEUCE/D####E#,2. Sweeping call confirming the rock is light and requires active brushing to carry | 4. Heavy-weight delivery intended to remove an opposing stone from play | 5. Two-point score traditionally viewed as a successful offensive conversion with hammer,"1. Colloquial term for a skip or thrower executing nearly one hundred percent of their shots | 3. On-ice slang for soft, degraded surface conditions late in a marathon tournament"
2026-11-09,midi,Noon Spark 9,####G#R###I/####U#E###C/#FINALSTONE/####R#U###S/##C#D#RAISE/##H###F###A/#BACKHACK#L/##T###C####/##T###I####/##E###N####/CURLINGCANE,"4. The sixteenth and climactic delivery of an end, frequently deciding game outcomes | 6. Shot that propels a stationary rock forward along its line into the house | 7. Older foothold layout situated further back from the delivery tee line | 8. Walking crutch adapted with non-slip rubber ferrules for senior club curlers","1. Rock intentionally stationed short of the house to shield potential scoring paths | 2. Complete ice-maintenance sequence involving scraping, flooding, and pebbling | 3. Micro-thin water spray applied over painted circles to lock colors into place | 5. Rapid micro-vibration audible when a stone encounters rough pebble or frost"
2026-11-09,main,Crucible 9,#########W###P#/HAMMERSTRATEGY#/#####O###T###O#/SUBFLOORHEATING/#####F###R###G#/#E###D###P###C#/SINKER###U###H#/#G###INTURNDRAW/#H###P#E#I###N#/#T#####E#F###G#/#E#####L#I#B#V#/#N####WIDESIDE#/#D#####N#R#T#N#/#E#####E###E#U#/#R#########R#E#,3. Tactical playbook focused on scoring two points with hammer and blanking even ends | 5. Electric grid beneath arena concrete preventing frost heave in sub-surface soil | 7. Delivery that unexpectedly loses its rotational curl and drives straight past the target | 8. Clockwise touch delivery curving into the house to come to rest as shot rock | 11. Section of the sheet displaying pronounced lateral swing and aggressive curl,"1. Deionization filtration unit removing dissolved minerals to produce durable pebble | 2. The Gangneung Curling Centre, site of the 2018 Olympic curling competitions | 4. Hazardous water droplet falling from arena rafters that ruins pebbled sheets | 6. Curling equivalent of a perfect game where a team scores every rock in an end | 9. Stripe crossing the sheet horizontally through the exact center of each house | 10. Stone barely overlapping the outermost edge of the twelve-foot circle"
2026-11-10,mini,Quick Solve 10,######S/###R##C/SCRIBER/###N##A/HACKCUP/######E/#SLIDER,3. Drafting compass with adjustable marker arms used to outline concentric house circles | 4. Recessed indentation cast into the arena concrete floor to receive the hack | 5. Teflon or stainless-steel sole worn on the sliding foot during delivery,"1. Precision conditioning machine fitted with micro-adjustable blades to level the sheet | 2. Four-person curling squad, or the ice facility in which the match is staged"
2026-11-10,midi,The Daily Grid 10,O#####Q#M##/U#####U#I##/TAMOSHANTER/S###K#R#T##/I###I#R#E##/D###P#Y#N##/E#####C#S#H/LATEHOOK##A/A#####L###C/N#THIRDROCK/E##########,"4. Traditional Scottish bonnet worn by pioneering curlers during outdoor bonspiels | 7. Dramatic, sharp lateral curl occurring during the final three feet of deceleration | 8. Stones delivered by the third player, crucial for setting up the skip's final shots",1. Sheet area situated toward the boundary boards away from the center corridor | 2. Extreme winter freezing conditions historically required to quarry island granite | 3. Thermal fleece or leather handwear favored by front-end sweepers in cold sheds | 5. Rink captain who directs strategy from the house and usually plays fourth stones | 6. Foot-hold embedded into the ice from which deliveries are launched
2026-11-10,main,The Masterpiece 10,#THREEENDER###D/##########A###R/#J#####C##D#L#A/#E##P##R##I#S#W/#F##U#HOTHAND#I/#F##S##W##L###N/#SIKHSINCURLING/#T##T#####U###A/TOUCHINGLINE##R/#U##R#####B###O/#G#POINTSGAME#U/#H##W#####C###N/#T#####TICK###D/#O#############/INICEANTENNA###,1. A three-point frame that dramatically shifts win probability and scoreboard control | 8. Colloquial term for a skip or thrower executing nearly one hundred percent of their shots | 9. Groundbreaking cultural milestone reflecting the modern global reach of the sport | 10. Rule threshold stating a stone overlapping any painted boundary remains in play | 11. Nineteenth-century solo competition evaluating execution across standardized shots | 12. Finesse shot that grazes a center guard toward the wing without removing it from play | 13. Radio receiver wire frozen into ice at the hog line to communicate with stone handles,2. Tactical runback directed along an arc rather than a direct linear alignment | 3. Steering a curving touch shot past a guard into the sheltered heart of the house | 4. Manitoba skip famed for introducing his crowd-pleasing spin-o-rama delivery | 5. Deliberate convex ice slope running down the center corridor to enhance lateral curl | 6. Common tournament abbreviation for the Last Stone Draw shootout preceding each draw | 7. Recreational delivery executed without sliding by stepping forward from the hack
2026-11-11,mini,Morning Coffee 10,###S#O#/PICK#U#/###I#T#/#L#PIT#/#E###U#/TANKARD/#D###N#,3. Disaster shot where a traveling rock encounters ice debris and veers sharply off line | 5. Recessed ice trough behind the hacks designed to catch excess pebble water and melt | 6. The prestigious silver trophy hoisted annually by Canadian Brier champions,1. Team strategist who calls shots from the house and traditionally throws fourth | 2. Counterclockwise rotation applied upon release by a right-handed thrower | 4. Front-end player responsible for setting early guards and sweeping six stones per end
2026-11-11,midi,Midday Break 10,R#STONEDIAL/E##I####C##/P##G####E#E/LESHARRISON/A##T####H#D/C##SPINNER#/E##I####D##/M##D####D##/E##E##WHOA#/N#######O##/TOESLIDER##,2. Gauge deployed by stone technicians to measure running-surface circular tolerance | 6. Canadian sports leader who served as president of the World Curling Federation | 7. Stone thrown with excessive rotation that fails to curl and tracks straight | 8. Instruction to stop brushing and allow natural friction to curve the moving rock | 9. Compact Teflon disc mounted beneath the shoe toe for curlers using a tuck slide,"1. Restoration of displaced stones to their original locations following an infraction | 3. Section of the sheet running exceptionally straight with very little hook | 4. Insulated heavy doorway separating the warm lounge from the freezing ice arena | 5. Division of play consisting of sixteen delivered stones, eight per team"
2026-11-11,main,Weekend Edition 10,####B######B###/###KICKOFF#R###/##R#T###L##O###/#REVERSEOSMOSIS/##T#R###C##M###/##U#####K##S###/##R###PROMOTION/##N#####F##I###/#CHILLEDGLYCOL#/##E#####U##K###/##A#####A##S###/##D##THIRD#H###/##E#####D##A###/BURLING#S##F###/###########T###,"3. The explosive initial drive of the hack foot that powers the delivery slide | 6. Advanced water filtration method standard in competitive ice facilities | 7. Advancing a teammate's rock closer to the center by striking it from behind | 8. Antifreeze cooling fluid pumped through under-slab tubes to maintain ice temper | 9. Rink position delivering rocks five and six, traditionally holding vice-skip duties | 10. Archaic Scottish term for tossing and swirling rough natural stones over lochs",1. Stone that barely touches the outer twelve-foot margin of the house | 2. Lightweight tubular composite rod transmitting downforce to the broomhead | 4. Congested cluster of three or more guards cluttering the center and wings | 5. Refrigeration pipeline gathering warmed fluid from under the slab to return to chillers
2026-11-12,mini,Brain Snack 10,WICK#L#/A####O#/ROLLOUT/M####N#/I####G#/CHANNEL/E######,1. Glancing deflection off a stationary rock used to angle the shooter into position | 3. Takeout shot that strikes the target rock and caroms completely out of the playing area | 4. Groove gradually worn into pebble by repeated stones tracking the identical path,1. Surface running close to freezing temperature that softens pebble and slows rock glide | 2. Clubhouse viewing room where spectators and curlers watch games through glass panels
2026-11-12,midi,Brain Teaser 10,###WARMROOM/##R###A####/##E###T####/##D#L#C####/STRAIGHTICE/##O#N#E####/BACKEND####/##K#B#PIT##/##S#I#A####/####A#I####/#CRUSHRATIO,"1. Comfortable heated gallery overlooking the refrigerated ice sheets | 5. Playing condition with minimal lateral curl, forcing flatter delivery lines | 6. Collective term for the third and skip who dictate strategy and play final stones | 7. Recessed ice trough behind the hacks designed to catch excess pebble water and melt | 8. Ice technician metric comparing water droplet volume to surface pebble density",2. Two stones allocated to an individual player exhibiting identical curl and speed | 3. One of two primary stone handle colors designated for official competition play | 4. Ice anomaly where stones curl differently traveling one direction versus the other
2026-11-12,main,Brain Bender 10,#########W#F#S#/#####D###I#R#W#/#####I#H#D#O#E#/E#CROSSOVERSTEP/D####H#R#G#T#P#/G###S##S#R###I#/E###P##E#I###N#/PEBBLECHIPPING#/O###I##A##U##L#/L###T##I##L##I#/I######R##L##N#/STRETCHPANTS#E#/H######A##E##A#/#####LSD##S##G#/##########T##E#,"7. Dynamic sweeping footwork where the rear leg crosses in front to maintain speed | 9. Breakdown of frozen surface droplets caused by repeated heavy impacts from takeout deliveries | 11. Flexible athletic trousers designed to allow deep, unrestricted sliding lunges | 12. Common tournament abbreviation for the Last Stone Draw shootout preceding each draw","1. Brushing stance spreading hands wide apart on the shaft for maximum downward force | 2. Airborne humidity crystalizing on the ice surface that creates drag and slows rocks | 3. Historical shift from stiff horsehair to synthetics, reshaping ice friction dynamics | 4. Undesirable saucer-shaped low spot where water pools during the initial flooding phase | 5. Traditional bristle brush head historically legal before modern synthetic fabric bans | 6. Specific microscopic smoothing applied to the stone's running band to restore factory curl | 8. Shot hitting an outside rock to nudge both stones into scoring territory | 10. Technical inspection measuring stone handle resistance and rotational smoothness"
2026-11-13,mini,Commuter Special 10,#L##S#H/DITCH#O/#P##A#U/####V#S/CLUBICE/####N##/####G##,4. Recessed channel situated behind the backboard to collect out-of-play stones | 5. Dedicated permanent sheet ice maintained for seasonal league play by community clubs,"1. Raised ridge or imperceptible contour variation in the ice surface that alters rock travel | 2. Fine sliver of ice sheared from pebble peaks by the scraper knife during grooming | 3. The target area defined by concentric four-, eight-, and twelve-foot rings"
2026-11-13,midi,Perfect Puzzler 10,PEEL#######/O####E####C/CHIPANDROLL/K####D####O/E####S####T/TEETOHOG##H/D####U##S#L/R####T##P#O/A##MATCHING/W####L##E#O/#####E##L##,1. High-velocity strike engineered to remove a target guard while spinning the shooter out of play | 4. Precision strike that clips the outer edge of a target stone to spin behind cover | 5. Speed metric timed during rock deceleration across the center sheet | 7. Process of testing and pairing stones based on identical running speeds and curl profiles,"1. Finesse delivery threaded between guards into a concealed, sheltered scoring pocket | 2. Practice regimen alternating stones sequentially between both ends without sweeping | 3. Textile sponsor emblem frozen between ice layers during arena championship prep | 6. Colloquial abbreviation for a weekend or multi-day curling tournament"
2026-11-13,main,The Grand Grid 10,####O#T###S####/####U#O###T####/GRIPTAPEWRAP##R/O###D#O###G###E/L#INOFF#T#G###P/D###O#T#R#E###L/M###R#H#A#R###A/E##BITERCHECK#C/D###C#H#K#D###E/A##SECOND#GUARD/L##T##U#R#U###S/G##I##S#I#A###T/A##C##E#F#R###O/M##K####T#D###N/E#########S###E,4. Textured wrapping applied around lower broom shafts to prevent hand slipping | 6. Difficult carom shot where the shooter glances off an outside stone to ricochet into the house | 8. Official umpire inspection to verify whether a stone overlaps the twelve-foot circle | 9. Rink member who delivers the team's third and fourth stones of an end | 10. Rock intentionally stationed short of the rings to shield a scoring path,"1. Natural surface subject to variable thawing, wind drifts, and ice cracks | 2. The upper hemisphere of the scoring rings situated in front of the tee line | 3. Protective stones positioned diagonally across both center and wing lanes | 4. The climactic championship final at Olympic and World curling tournaments | 5. Rock restored to its previous position after being displaced by an illegal touch | 7. Subtle lateral deviation created when stones repeatedly trace the same groove in the ice | 9. Assisted delivery device permitted for recreational play and wheelchair competition"
2026-11-14,mini,Fast Five 10,####H##/TOECOAT/I###G##/C###L##/KEENICE/####N##/NIPPER#,2. Durable polyurethane layer painted over the trailing shoe to reduce sliding drag | 3. Low-friction surface conditions where stones glide effortlessly with minimal push | 4. Grooming blade dragged across frozen pebble to trim peaks and flatten running tops,1. Transverse threshold a delivered stone must cleanly cross to stay legally in play | 2. Delicate carom shot that displaces a center guard toward the wings without knocking it out
2026-11-14,midi,Coffee Break 10,H########B#/E##SWEEP#U#/E##H###O#T#/L##O#C#S#T#/L#STEALTWO#/I##R#L#G#N#/FLOODCOAT##/T##C#U#M###/###K#T#E###/#####T#####/#ARENAICE##,"3. Use vigorous broom strokes to polish pebble, holding a rock's line and extending its carry | 6. Scoring two points without last-stone advantage, drastically flipping win probability | 7. Heavy water application poured across the concrete floor to seal the base ice | 8. Engineered temporary sheet installed over stadium concrete for televised championships",1. Biomechanical elevation of the trailing shoe's heel to prevent braking drag | 2. The exact central bull's-eye of the house | 3. Stone lying closest to the center pin at any given moment during or after an end | 4. Team debriefing session analyzing shot percentages and strategic execution | 5. Social auction held prior to a bonspiel where participants bid on favored rinks
2026-11-14,main,Heavy Hitter 10,BRADGUSHUE#####/###R###O###L###/CLEANRELEASE#C#/###W###E###V#R#/#B#B###I#B#E#A#/#R#O###N#E#L#D#/#A#A###T#E#I#L#/#STRAIGHTRUNNER/#S#D###E#J#G#H#/#H#####H#U#B#A#/#A#L###O#G#L#C#/#N#E###U##HACK#/#D#A###S###D###/SLEDGEDELIVERY#/#E#############,1. Newfoundland skip who captured 2006 Olympic gold and multiple Canadian Brier titles | 5. Flawless disengagement of the hand from the handle without imparting torque | 9. Individual rock whose flat or worn base prevents it from achieving normal curl | 11. Rubber-lined foothold embedded in the ice used to push off during delivery | 12. Modified seated delivery technique deployed in specialized parasport curling,"2. Clubhouse bracket display showing pool pairings, schedules, and sheet allocations | 3. Open corridor through defensive guards granting an unhindered draw to the pin | 4. Precision-ground steel cutting edge used to plane high spots across the ice sheet | 6. Nineteenth-century wooden foothold frame mounted flush onto natural outdoor ice ponds | 7. Historic metallic handle assembly utilized before standard molded plastics | 8. Pitcher of ale traditionally purchased by the winning rink during post-game broomstacking | 10. Front-end player tasked with setting initial guards and sweeping six stones per end"
2026-11-15,mini,Bite-Sized 10,######F/#H##P#R/COLDICE/#G##T#E/#G####Z/TEELINE/#D#####,"4. Playing surface cooled below optimum temperature, creating heavy friction and less curl | 5. Stripe traversing the sheet horizontally through the exact center of each house",1. Precision touch shot that comes to rest nestled flush against an opponent's stone | 2. Violation called when a delivered rock fails to completely clear the far hog line | 3. Recessed ice trough behind the hacks designed to catch excess pebble water and melt
2026-11-15,midi,The Interlock 10,T####C#D###/I#D##U#O###/CORNERGUARD/K#A##L#B##R/A#G##I#L##A/N#E##N#E##W/D#F##G#R##B/R#F##B#O##O/O#E##O#L##A/LOCHBOULDER/L#T##T####D,5. Shielding stone set deliberately in the outer lanes outside the center corridor | 7. Historic unshaped natural rock fitted with bored finger holes for pond curling,"1. Delicate graze on a guard rock that nudges it aside while rolling to safety | 2. Insulated leather footwear equipped with customized slider and gripper soles | 3. Shot that caroms off a target rock and simultaneously propels both stones behind cover | 4. Aerodynamic and frictional drag altered by the immediate presence of a front sweeper | 6. Clubhouse bracket display showing pool pairings, schedules, and sheet allocations"
2026-11-15,main,The Omnibus 10,###P#DRAGLINE##/###A##O########/##RUB#TAPBACK##/###L##A##L#####/S##F##T##A#N###/N##L##I##N#A###/O##E##O##K#R###/W##M##N##H#R###/P##M##A##U#O###/L##I#CLEANSWEEP/O##N##D##T#####/WEIGHTESTIMATE#/######C##N#####/MATCHMANAGEMENT/######Y########,"2. Faint streak visible across frost or pebble caused by an accidental shoe scrape | 4. Gentle, incidental deflection off a stationary rock that barely changes the shooter's line | 5. Delicate bump shot that nudges an opponent's rock deeper into the rings | 9. Gentle brushing motion applied solely to clear dust without altering stone curl | 10. Spoken assessment called by sweepers informing the skip of a stone's running speed | 11. Strategic pacing, scoreboard control, and risk balancing over ten regulation ends",1. Veteran Nova Scotia skip and decorated Canadian national competitor | 3. Gradual deceleration of a stone's spinning rate as it nears its final rest | 6. Aggressive defensive tactics aimed at clearing all rocks to keep last-stone advantage | 7. Prohibited sweeping motion where a broomhead is shoved flat across the ice sheet | 8. Shot delivered inside the skip's broom line that risks crossing over too early
2026-11-16,mini,Micro Grid 10,W#####I/I###P#C/COLDICE/K###C#D/#TICK#U/######S/TIMEOUT,"4. Playing surface cooled below optimum temperature, creating heavy friction and less curl | 5. Finesse shot grazing a center guard to the side without clearing it from play | 6. Sixty-second tactical pause requested by a rink to confer with their coach",1. Glancing deflection off a stationary rock used to angle the shooter into position | 2. Microscopic frozen particles scraped up by heavy brushing or hard sliding stops | 3. Disaster shot where a traveling rock encounters ice debris and veers sharply off line
2026-11-16,midi,Noon Spark 10,######S####/###FOULLINE/######I####/WICKANDROLL/######E####/######R##F#/ICEFRICTION/#R####O##R#/#O#HEAVYICE/#W####E##E#/#N##BURNT##,"2. Informal or archaic term for the transverse line marking the delivery release limit | 3. Glancing strike off a stationary rock deflecting the shooter behind protection | 5. The physical resistance generated between granite running surfaces and ice pebble | 7. Slow, high-friction playing surface requiring extra leg drive from throwers | 8. Call made when a curler or broom makes accidental contact with a stone in motion","1. Neoprene slip-on boot protecting the Teflon sole when walking outside the ice shed | 4. Tactical victory when defending without the hammer, holding the opponent to a single point | 6. Deliberate convex ice slope running down the center corridor to enhance lateral curl"
2026-11-16,main,Crucible 10,#R##FIFECURLING/#I######U######/#N######R######/#K###R##L######/#PODIUMFINISH##/#R#R#N##N######/#O#I#N##GLYCOL#/#T#F#I##C######/CORTINADAMPEZZO/#C#M#G##N######/#O#E#R##E######/#L#T#I#########/###E#DOUBLEPEEL/###R#G#####I###/####TEAMROSTER#,"2. Ancient regional Scottish association with curling traditions spanning centuries | 5. Attaining a first-, second-, or third-place medal finish in international play | 7. Chilled antifreeze chemical compound pumped through sub-slab refrigeration tubes | 8. Iconic Italian mountain venue scheduled to host 2026 Olympic curling events | 9. Precision power shot clearing away two separate opposing guards in one throw | 11. Official lineup of four players and designated alternate registered for competition",1. Traditional etiquette mandating silence and still posture during opponent deliveries | 3. Walking crutch adapted with non-slip rubber ferrules for senior club curlers | 4. Elevated narrow peak of intact pebble along a heavily worn delivery corridor | 6. Precision level or laser tool utilized by ice technicians to verify floor levelness | 10. Recessed ice trough behind the hacks designed to catch excess pebble water and melt
2026-11-17,mini,Quick Solve 11,#OFF##S/##O###L/CURL##I/##F###D/##E###E/CHILLER/##T####,1. Directive shouted to sweepers to instantly cease brushing and step off the line | 4. The lateral curved trajectory traveled by a stone as its rotational speed decays | 5. Industrial compressor refrigeration unit circulating sub-zero brine underneath the floor,2. Automatic defeat registered against a squad that fails to ice a legal four-person team | 3. Slick material fixed beneath the sliding shoe to reduce friction during delivery
2026-11-17,midi,The Daily Grid 11,#####G#####/##L##L#####/#FOURENDER#/##O##N#R###/##S##N#I#C#/##EIGHTFOOT/P#G##O#T#U#/A#U##W###N#/T#A##A###T#/CORNERBITER/H#D##D###R#,3. Lethal four-point conversion that typically establishes decisive game control | 6. Intermediate concentric scoring ring situated between the four-foot and twelve-foot circles | 8. Stone that just barely touches the outer twelve-foot circle at a four-o'clock or eight-o'clock angle,1. Ontario skip who competed in a record-setting number of career Brier games | 2. Protective rock resting far ahead of the scoring stone it is intended to cover | 4. Unintended lateral displacement of a stone caused by minor sloping in the ice floor | 5. Any stone lying within the house that counts toward a team's score at the conclusion of an end | 7. Embroidered fabric crest sewn onto competition jackets celebrating tournament appearances
2026-11-17,main,The Masterpiece 11,#######CROSSICE/###C###A#######/###O###L###H###/###M##ICEAGING#/###E###U###D###/#ROAROFTHERINGS/###R###T###N#L#/FLOORHEAVING#Y#/R##U###A###B#C#/O##N#S#U###E#O#/S##D#T#C###H#L#/T##D#I#T##PIN##/###R#C#I###N###/##BACKBOARDDUMP/###W###N#######,1. Sweeping angle oriented perpendicular to rock travel to maximize pebble contact | 4. Gradual smoothing and deterioration of ice pebble over ten frames of heavy competition | 5. Official trademark moniker of the Canadian Olympic Curling Trials | 7. Buckling of subterranean soil beneath an arena that creates humps in the ice | 9. Central brass marker or screw hole drilled into the ice at the center of the button | 10. Frustrated gesture of sliding a rock into the back bumper to concede a match,1. Club fundraising pool where spectator syndicates buy stakes in tournament teams | 2. Curving touch shot delivered around a guard to bury safely in the rings | 3. Deliberately playing a touch draw to tuck fully behind an opponent's guard | 6. Chilled antifreeze chemical compound pumped through sub-slab refrigeration tubes | 7. Airborne humidity crystalizing on the ice surface that creates drag and slows rocks | 8. Assisted delivery device permitted for recreational play and wheelchair competition
2026-11-18,mini,Morning Coffee 11,##SHEET/######A/######K/LOWSIDE/I#I###O/P#D###U/#WEIGHT,1. The complete boundary-to-boundary ice corridor on which a match is contested | 3. The downhill side of a sloped sheet where moving stones slide away and fall off line | 5. Speed and forward force imparted to a stone during the slide and release,"2. Heavy-weight delivery intended to remove an opponent's rock from play | 3. Raised ridge or imperceptible contour variation in the ice surface that alters rock travel | 4. Delivery that tracks outside the skip's target broom, often struggling to curl back in time"
2026-11-18,midi,Midday Break 11,CLEANHOUSE#/U####A##T##/R##K#M##I##/L##E#M##C##/###E#E##K##/KEENERROCK#/###I####U##/###C####R##/TIMEPENALTY/########E##/#ROLLOVER##,1. Defensive strategy focused on clearing all rocks to leave the rings vacant | 5. Stone with a highly polished running band that travels faster with less resistance | 6. Sanction imposed when a rink completely consumes its allocated thinking time | 7. Strike hitting an outside rock that causes the shooter to roll across the center line,1. The lateral curved trajectory traveled by a stone as its rotational speed decays | 2. Advantage of throwing the sixteenth and final stone of an end | 3. Competitor who executes deliveries from an upright stance using an extender pole | 4. Low-friction surface conditions where stones glide effortlessly with minimal push
2026-11-18,main,Weekend Edition 11,###TAPBACKSHOT#/#S####L###U####/#L#C##U###B####/#O#O##E###F####/#WING#H###L####/#S#C##O###O####/#H#E##N###O####/HEADPRESSURE###/#E#E####T#H####/#T#T####E#E####/##CHELSEACAREY#/###E####L#T####/###E####T#I####/###N####W#N####/###DELAYOFGAME#,1. Controlled hit intended to nudge an opponent's rock deeper into the house | 6. Portion of the sheet situated outward near either boundary beyond the four-foot line | 7. Critical refrigeration pressure metric monitored by arena ice technicians | 9. Two-time Canadian women's national champion skip renowned for tactical poise | 10. Official infraction assessed against a team intentionally stalling match tempo,"2. Impermeable microgranite variant preferred for stone running bands due to low water absorption | 3. Electric grid beneath arena concrete preventing frost heave in sub-surface soil | 4. High-friction ice condition requiring heavy pushing force to carry rocks into the house | 5. Tactical choice to accept an opponent's score rather than risk a major disaster | 8. Scoring two points without last-stone advantage, drastically flipping win probability"
2026-11-19,mini,Brain Snack 11,##S#B##/CUPPING/##I#T##/SINKER#/##N#R##/##E####/#CRADLE,3. Concave profile milled into a stone's underside that leaves a narrow running ring | 4. Delivery that unexpectedly loses its rotational curl and drives straight past the target | 5. Metal holding rack positioned behind the back line to store stones not in play,1. Stone thrown with excessive rotation that fails to curl and tracks straight | 2. Stone that barely grazes the outer twelve-foot margin of the house
2026-11-19,midi,Brain Teaser 11,N#B########/O#R##M###S#/SCOTTIES#U#/E#N##K###B#/H#Z##E#L#Z#/ICEDAMPENER/T#M##C#A#R#/##E##END#O#/##D##W#####/BEADDENSITY/##L##N#####,"5. Canada's national women's championship, long recognized by the Tournament of Hearts banner | 7. Acoustic arena panel absorbing loud echoes of skip calls and granite collisions | 8. Curling equivalent of an inning, consisting of sixteen stones delivered alternately | 9. Calculated quantity of frozen water droplets per square foot on freshly pebbled ice","1. Strike where the shooter contacts the target stone dead-center, killing momentum | 2. Consolation podium contest between losing semifinalists at major championships | 3. Elite Canadian skip admired across the sport for an exceptionally textbook delivery slide | 4. Brine temperature range circulating beneath the concrete to maintain ice firmness | 6. Front-end player responsible for setting early guards and sweeping six stones per end"
2026-11-19,main,Brain Bender 11,###C##P#BEERJUG/###O##U#####U##/###R##L#####N##/###N#SLOWROCK##/#P#B##I####O###/GUARDINGTHEPIN#/#S#O##G####P###/#H#O##THIRTEEN#/#B#M##H####R###/#L#S##E####N###/#O#T##B####O###/#CORNERFREEZE##/#K#A##O####Z###/###W#LOCHOFLEYS/######M####E###,3. Pitcher of ale traditionally purchased by the winning rink during post-game broomstacking | 5. Individual stone in a matched pair that exhibits extra friction and runs heavy | 8. Stationing a stone directly on the center line to block access to the button | 9. Maximum theoretical stones that can remain in play before delivery number fourteen | 10. Touch shot drawing to sit flush against an opponent's rock out on the wing | 11. Historic Scottish loch site famous for early recorded outdoor curling gatherings,"1. Sorghum plant fibers tightly stitched together to create vintage curling brooms | 2. Skip adjusting target aim slightly wide or tight to compensate for sheet drift | 4. On-ice slang for a congested end packed with corner guards, biters, and frozen rocks | 6. Traditional shower-style sprinkler head fitted to tanks for pebbling sheets | 7. Rubber wedge anchored in the hack providing solid purchase for delivery push-off"
2026-11-20,mini,Commuter Special 11,THIRD#R/##C#I#U/##E#V#N/PUSHOUT/##E#T#I/##A###M/##L###E,"1. Rink position delivering rocks five and six, traditionally holding vice-skip duties | 5. Delivery flaw where the curler shoves the handle away from the body's center line",2. Micro-thin water spray applied over painted circles to lock colors into place | 3. Gouge in the sheet surface caused by an accidental stone drop or equipment strike | 4. The total elapsed seconds a thrown stone takes from hack release to complete rest
2026-11-20,midi,Perfect Puzzler 11,NIPPERBLADE/#######I###/SPEEDSENSOR/L######E###/A####C#C###/BRINEHEADER/C####A#L###/ROYSINCLAIR/A##K#N#E###/C#WIDEGRIP#/K##P#L#####,1. Honed cutting edge mounted on a leveling sled to trim pebble tops to an even plane | 3. Radar or laser timing device tracking delivery velocity out of the hack | 5. Primary distribution manifold pumping sub-zero cooling fluid into sub-floor pipes | 6. Scottish administrator who served as World Curling Federation president | 8. Brushing stance spreading hands wide apart on the shaft for maximum downward force,2. Skip or vice-skip stationed at the far end responsible for judging trajectory and curl | 3. Structural fissure in arena concrete that can cause surface ridges in the ice sheet | 4. Groove gradually worn into pebble by repeated stones tracking the identical path | 7. Rink captain who directs strategy from the house and usually plays fourth stones
2026-11-20,main,The Grand Grid 11,#F#####R#######/#A#I###E####S##/#B#N###B#B##L##/#ROTATIONALBIAS/#I#U###U#C##D##/#CURL##N#K#YES#/#T#N###D#L##R##/#E#H###A#I##F##/#X#I###N#N##R##/#T#T#HOGGED#I##/#U#####L#T##C##/#RELEASEPOINT##/#E#######H##I##/#########O##O##/WEIGHTJUDGE#N##,6. Tendency of an individual stone to curl further on an in-turn than an out-turn | 7. The lateral curved trajectory traveled by a stone as its rotational speed decays | 8. Sweeping call confirming the rock is light and requires active brushing to carry | 9. Violation called when a delivered rock fails to completely clear the far hog line | 10. Precise instant along the slide trajectory where the thrower lets go of the handle | 11. Sweeper whose primary responsibility during the slide is estimating final stopping distance,1. Standardized broomhead weave certified under World Curling equipment regulations | 2. Deflection trajectory of a struck stone governed by kinetic energy conservation | 3. Clockwise rotation applied to a takeout delivery to remove an opponent's stone | 4. Microscopic resistance generated between the Teflon shoe sole and frozen pebble | 5. Classic interval timing split used by coaches to clock initial push-off velocity
2026-11-21,mini,Fast Five 11,#TOECAP/R###A##/INTURN#/N###V#P/K###I#E/#LOUNGE/####G#L,1. Protective vulcanized rubber shield coating the front of the trailing slider shoe | 4. Clockwise rotation imparted on a stone by a right-handed thrower | 6. Clubhouse viewing room where spectators and curlers watch games through glass panels,"2. Advanced sweeping technique orienting brush angles to actively steer stone curl | 3. Four-person curling squad, or the ice facility in which the match is staged | 5. High-velocity strike engineered to remove a guard while removing the shooter itself"
2026-11-21,midi,Coffee Break 11,######W##F#/##S#C#R##L#/#THERMISTOR/##E#A#S##O#/##A#D#T##D#/##R#L#A##W#/HEAVE#C##A#/##N###T##T#/##G###I##E#/##L###O##R#/ONEPOINT###,5. Precision temperature probe installed in the floor slab to regulate refrigeration | 6. Severe upward buckling of arena floors caused by freezing subterranean ground moisture | 7. The baseline score awarded when a single stone beats all opposing rocks in the house,1. Subtle rotational flick of the wrist applied to impart rotation during release | 2. Hot deaerated water poured over leveled concrete to create the primary ice slab | 3. Optimal broomhead attack angle calibrated to maximize pebble flattening per stroke | 4. Metal holding rack positioned behind the back line to store stones not in play
2026-11-21,main,Heavy Hitter 11,###########S##D/###COURTESYLINE/#########T#I##A/RUNBACK##E#D##D/###A#####A#E##C/CALCIUMCHLORIDE/#N#K#####S####N/#G#E#####T####T/#L#N###HARDLINE/#E#D#####A####R/#R#######T#####/BACKRINGWEIGHT#/#I#######G#####/#SEEDINGSYSTEM#/#E#############,3. Boundary marking on side boards indicating clearance limits for out-of-play stones | 5. Takeout executed by driving a guard rock back into a stone resting in the house | 7. Chemical salt compound blended into water to produce sub-zero arena refrigerant brine | 9. Aggressive sweeping call shouted by a skip when a rock threatens to sail past its target | 10. Draw momentum calibrated to come to rest on the outer twelve-foot rear margin | 11. Ranking methodology grouping elite teams to balance round-robin pools,1. Teflon or stainless-steel sole worn on the sliding foot during delivery | 2. The absolute mathematical center of the house marked by the button pin | 4. Aggressive non-hammer strategy cluttering the four-foot zone to force opponent misses | 6. Collective term for the third and skip who dictate strategy and play final stones | 8. Shot striking a guard obliquely to promote it into the house along an angled path
2026-11-22,mini,Bite-Sized 11,TAKETWO/A#I##A#/PICK#R#/##K##P#/##O##I#/#OFF#N#/##F##G#,1. Tactical decision with hammer to settle for a pair of points rather than forcing a blank | 4. Disaster shot where a traveling rock encounters ice debris and veers sharply off line | 5. Directive shouted to sweepers to instantly cease brushing and step off the line,1. Soft-weight delivery aimed to bump a stationary rock back by only a few inches | 2. The explosive initial drive of the hack foot that powers the delivery slide | 3. Structural curvature of the concrete arena floor caused by permafrost swelling
2026-11-22,midi,The Interlock 11,#B#####N##D/BRASSSLIDER/#U###C#P##A/#C#SNOWPLOW/#E###R#E##T/#M###E#R##O/#O###B#B##C/RUB##O#L##O/#A###A#A##V/#T###R#D##E/##LEAD#E##R,"4. Historic non-ferrous metal sliding sole utilized by competitive twentieth-century curlers | 6. Prohibited sweeping motion where a broomhead is shoved flat across the ice sheet | 7. Gentle, incidental deflection off a stationary rock that barely changes the shooter's line | 8. Front-end player tasked with setting initial guards and sweeping six stones per end",1. Scottish skip who captured the 2023 World Men's Championship in Ottawa | 2. Honed cutting edge mounted on a leveling sled to trim pebble tops to an even plane | 3. Touch delivery curving safely into the protective shadow cast by a stationary guard | 5. Wall display presenting progressive end-by-end points and cumulative match totals
2026-11-22,main,The Omnibus 11,H#L#########M#R/A#I#T#######E#E/CENTERLINEGUARD/K#E#E#A#####S#C/P#S#T#S#####U#I/U#E#O#T#####R#R/S#N#T#STEAL#I#C/H#S#E#T#####N#L/#SIDEBOARDS#G#E/##T###N#####S##/#EIGHTENDER#T##/##V###D#####I##/##I###R##TOECAP/WATERTANK###K##/##Y###W########,6. Shielding stone coming to rest precisely along the longitudinal axis of the sheet | 8. Scoring one or more points in an end when not holding last-stone advantage | 9. Lateral perimeter walls bounding the ice sheet along its entire length | 10. Curling equivalent of a perfect game where a team scores every rock in an end | 11. Protective vulcanized rubber shield coating the front of the trailing slider shoe | 12. Backpack reservoir carried by ice technicians while stepping backwards to pebble,1. Explosive leg extension against the rubber foothold that powers the entire slide | 2. A thrower's biomechanical precision in consistently releasing down the broom | 3. Telescopic rod fitted with a dial gauge used to determine which stone is closer to the pin | 4. The intermediate four-foot scoring circle painted red in standard Olympic houses | 5. Speed measurement timed between the delivery tee line and the distant receiving tee line | 7. Pre-game shootout deliveries aimed at the pin to award opening hammer
2026-11-23,mini,Micro Grid 11,HACKCUP/##H###O/##A###I/PATCH#N/I#T###T/T#E####/##RING#,1. Recessed indentation cast into the arena concrete floor to receive the hack | 4. Embroidered fabric crest sewn onto competition jackets celebrating tournament appearances | 5. Any of the three circular boundaries that establish scoring territory in the house,2. Rapid micro-vibration audible when a stone encounters rough pebble or frost | 3. Basic scoring unit awarded for each counter closer to the pin than any opposing rock | 4. Recessed ice trough behind the hacks designed to catch excess pebble water and melt
2026-11-23,midi,Noon Spark 11,#F#B#######/#A#R#####C#/#L#U#R###O#/#L#S#U###M#/TIGHTBURIED/#N#P#####A#/#G#A##S##R#/#A#D#GLYCOL/#W####I##U#/PAINTEDRING/#Y####E##D#,5. Scoring stone hidden behind a guard with zero straight takeout angles available | 7. Chilled antifreeze chemical compound pumped through sub-slab refrigeration tubes | 8. Specialized vinyl pigment applied over base ice to outline colored scoring rings,"1. Lateral drift where a rock fails to curl and runs outward toward the side board | 2. Synthetic fabric face fastened to a broomhead to contact and polish ice pebble | 3. Curving draw path played directly behind an established guard | 4. Gentle, incidental deflection off a stationary rock that barely changes the shooter's line | 6. Forward glide out of the hack that establishes the stone's initial velocity"
2026-11-23,main,Crucible 11,TOECAP###F#####/#####O#C#O###A#/#ALBERTACURLING/#####T#L#R###G#/##E####G#F###L#/##X####A#O###E#/##T####R#O###P#/#BRINESYSTEM#R#/##A####T#####O#/#DELIVERINGARM#/##N####I#####O#/##D###HACKBOLT#/#######L#####I#/####CRUSHRATIO#/#############N#,1. Protective vulcanized rubber shield coating the front of the trailing slider shoe | 6. Curling powerhouse home to multi-time world champions Kevin Martin and Randy Ferbey | 8. Refrigeration pipe network pumping chilled glycol underneath the concrete floor | 9. Limb extended straight down the broom line to release the handle cleanly | 10. Heavy-duty anchor bolt securing the rubber hack assembly into the concrete slab | 11. Ice technician metric comparing water droplet volume to surface pebble density,2. Narrow corridor between two stationary stones through which a delivered rock must pass | 3. Intermediate scoring circle centered directly around the button | 4. The pivotal 1997 Canadian Olympic Trials that established modern high performance | 5. Striking an offset guard at an angle to drive it diagonally into counting position | 7. Overtime period played to break a tied score after regulation ends
2026-11-24,mini,Quick Solve 12,###S###/OUTTURN/###I##I/###C##P/HACKCUP/######E/SCRIBER,2. Counterclockwise rotation imparted on a stone by a right-handed thrower | 4. Recessed indentation cast into the arena concrete floor to receive the hack | 5. Drafting compass with adjustable marker arms used to outline concentric house circles,1. Assisted delivery device permitted for recreational play and wheelchair competition | 3. Blade tool dragged across pebbled ice to shear down sharp tips and level the plane
2026-11-24,midi,The Daily Grid 12,###I#V#####/###C#I###W#/#CLEANSWEEP/I##W#Y###I#/C##A#L###G#/E#FROST##H#/D##P#H###T#/E#WIDE#H#C#/P##N#E#A#A#/TARGETDRILL/H######D#L#,"4. Gentle brushing motion applied solely to clear dust without altering stone curl | 6. Airborne humidity crystalizing on the ice surface that creates drag and slows rocks | 7. Delivery that tracks outside the skip's target broom, often struggling to curl back in time | 9. Practice drill placing plastic tokens on the sheet to master pinpoint weight control","1. Uneven expansion or contraction of concrete sub-floors that distorts ice level | 2. Pre-printed full-house graphic frozen directly over concrete before flooding | 3. Early vocal assessment from sweepers projecting the stone's final stopping zone | 5. Thickness of the competition ice pad, standard between 1.25 and 1.5 inches | 8. Urgent vocal directive bellowed by the skip demanding maximum downward brush force"
2026-11-24,main,The Masterpiece 12,SHAFTFLEX#S##S#/###I#O####PEEL#/###V#O####I##I#/##CENTERBURIED#/###E#S####I##E#/###N#L##C#T####/###D#I##L#O####/###M#D##E#F####/ACCIDENTALTOUCH/###N#F##N#H####/###I#A#SIDESTEP/###M#U##N#G####/##CURLINGJACKET/###M#T####M####/##########E####,1. Degree of mechanical bending permitted by carbon-fiber broom handles during heavy brushing | 6. Delivery thrown with heavy force designed to eliminate both a guard and the shooter itself | 7. Scoring rock resting on the button completely concealed behind center guards | 9. Unintentional contact with a moving rock triggering burnt-stone penalties | 10. Lateral walking gait executed by sweepers facing directly toward the moving stone | 11. Insulated zip-front team outerwear displaying national or provincial logos,"2. Regulation specifying the mandatory frames required before conceding a game | 3. Infraction called when a curler's sliding foot crosses the hog line before release | 4. Guiding code emphasizing sportsmanship, honesty, and self-policing of fouls | 5. Forward glide out of the hack that establishes the stone's initial velocity | 8. Sweeping lightly ahead of a stone without applying heavy downward pressure"
2026-11-25,mini,Morning Coffee 12,SLASH##/H##I###/U##N###/TANKARD/O##E###/U##RUB#/T######,"1. High-velocity takeout aimed across an angle to eliminate two stones separated laterally | 3. The prestigious silver trophy hoisted annually by Canadian Brier champions | 4. Gentle, incidental deflection off a stationary rock that barely changes the shooter's line",1. Winning a curling contest without permitting the opposing rink to score a single point | 2. Delivery that unexpectedly loses its rotational curl and drives straight past the target
2026-11-25,midi,Midday Break 12,####STICK##/####W###E##/#Y##E###V##/#EDGEPOLISH/#S##P###N##/########M##/DUMPRELEASE/########R##/RHONAMARTIN/########I##/#LINEPAINT#,"1. Assisted delivery device permitted for recreational play and wheelchair competition | 4. Specific microscopic smoothing applied to the stone's running band to restore factory curl | 5. Delivery flaw where the shooter shoves the stone at the release point, losing rotation | 6. Scottish skip whose dramatic final shot earned Great Britain 2002 Olympic gold | 7. Specially formulated acrylic pigment applied to seal boundary lines on base ice",1. Vigorously work the broom ahead of a moving rock to hold its line and carry distance | 2. Alberta skip known as 'The Bear' who captured 2010 Olympic gold undefeated | 3. Sweeping call confirming the rock is light and requires active brushing to carry
2026-11-25,main,Weekend Edition 12,########C#T####/######R#O#E##R#/LOWSIDE#L#L##U#/######R#L#E##N#/SURFACETENSION#/######L#E#C##I#/###W##E#N#O##N#/#B#E##A#J#P##G#/#U#T##S#O#I##S#/#TRIPLEKNOCKOUT/#T#C####E#B##R#/#O#E####S#R##F#/#N########O##A#/##########O##C#/WEIGHTESTIMATE#,"5. The downhill side of a sloped sheet where moving stones slide away and fall off line | 6. Physical water property determining droplet profile and height when pebbling | 9. Tournament format where teams navigate A, B, and C brackets before elimination | 10. Spoken assessment called by sweepers informing the skip of a stone's running speed","1. Hall of Fame Nova Scotia skip who captured six Canadian women's championships | 2. Brush engineered with an adjustable-length shaft favored for coaching drills | 3. Illegal attempt by a thrower to push or re-grip a stone after the initial release | 4. Narrow circular band beneath the stone that makes physical contact with the pebble | 7. Degraded playing surface with standing water pooling on pebble, causing extreme drag | 8. The exact four-inch center circle of the house"
2026-11-26,mini,Brain Snack 12,######H/SKIP##A/###E##C/TAPBACK/###B###/HOGLINE/###E###,2. Team strategist who calls shots from the house and traditionally throws fourth | 4. Delicate bump shot that nudges an opponent's rock deeper into the rings | 5. Transverse threshold a delivered stone must cleanly cross to remain legally in play,1. Foothold embedded into the ice from which deliveries are launched | 3. Droplets of water sprayed onto the ice sheet that freeze into rounded nubs
2026-11-26,midi,Brain Teaser 12,###R#H####F/TIMEDEND##A/A##D#A####L/P##R#V####S/W##O#I#P##E/E##C#E#A##H/I##K#R#T##A/GHOSTROCK#N/H####O#H##D/T####C####L/##KICKPLATE,4. Regulation format where each team operates under a strict game-clock allocation | 6. Mysterious shot that abruptly loses momentum without any visible debris on the sheet | 7. Vertical rubber backing against which a thrower braces the rear foot inside the hack,1. One of two primary stone handle colors designated for official competition play | 2. Stone with a coarse running surface that demands increased pushing force | 3. Deceptive hand rotation where the thrower twists the wrist without rotating the rock core | 4. Delicate delivery velocity calibrated to nudge a stationary rock back by a foot or two | 5. Embroidered fabric crest sewn onto competition jackets celebrating tournament appearances
2026-11-26,main,Brain Bender 12,FOAMCORE##S####/###I######H#P##/###T######O#I##/###T##T###T#V##/#THERMALSIPHON#/###N##P###E#T#K/###S##P###R#M#E/######R###C#E#V/#LEADROCK#E#C#I/######M###N#H#N/####GROOVETRACK/######T###A#N#O/###DIVIDINGLINE/######O###E#S##/MESHBANNER##M##,1. Resilient interior dampener layer encased inside approved competition brush heads | 6. Natural convection within floor pipes that can create temperature discrepancies | 8. Either of the opening pair of stones thrown in an end to establish early positioning | 9. Depressed ice channel worn into pebble that steers stones along a fixed path | 10. Painted longitudinal stripe demarcating boundaries between adjacent sheets | 11. Porous fabric sign embedded into frozen sheet ice without disrupting pebble bonding,2. Thermal fleece or leather handwear favored by front-end sweepers in cold sheds | 3. Official statistical grading awarding zero to one hundred points per shot | 4. Universal swivel coupling linking the broomhead to the handle for directional control | 5. Gentle touch shot nudging a teammate's stone forward into the scoring circle | 7. Four-time Brier champion skip celebrated for remarkable last-rock clutch shotmaking
2026-11-27,mini,Commuter Special 12,#HAMMER/###E##O/###A##L/RAISE#L/###U##O/###R##U/NOSEHIT,"1. Advantage held by the team delivering the final stone of an end | 4. Shot that bumps a teammate's rock forward along its path closer to the button | 5. Strike where the shooter contacts the target stone dead-center, killing momentum",2. Precision brass gauge rotated from the pin to determine shot rock | 3. Takeout shot that strikes the target rock and caroms completely out of the playing area
2026-11-27,midi,Perfect Puzzler 12,########T##/#REPEBBLING/#U#I##E#M##/#B#N##E#I##/######RING#/######J#G##/SHEETNUMBER/######G#E##/########N##/########C##/SOFTTOUCH##,2. Application of fresh water droplets sprayed across the sheet between halves | 5. Any of the three circular boundaries that establish scoring territory in the house | 6. Numerical sign suspended above each ice lane in multi-sheet curling facilities | 7. Elite throwing feel allowing a player to reliably deliver delicate draw weight,"1. Elevated workstation stationed behind the backboards for game timekeepers | 2. Gentle, incidental deflection off a stationary rock that barely changes the shooter's line | 3. Central brass marker or screw hole drilled into the ice at the center of the button | 4. Pitcher of ale traditionally purchased by the winning rink during post-game broomstacking"
2026-11-27,main,The Grand Grid 12,BLACKGRANITE##R/R##U##O#######O/O##R##Y#######A/O##L##A####Y##R/M#H###L####E##I/PRACTICESESSION/L#N###A###L###G/A#D###L##WING#G/C#S##LEAD#C###A/E#H###D###K###M/M#A#WHOA##S###E/E#K#I#N###P####/N#E#C#I##POCKET/T###K#A###T####/######N########,1. Specific igneous quarry rock prized for high density and impact resistance in stone bodies | 7. Designated pre-game warmup window allowing teams to test sheet curl and speed | 9. Portion of the sheet situated outward near either boundary beyond the four-foot line | 10. Front-end player responsible for setting early guards and sweeping six stones per end | 11. Instruction to stop brushing and allow natural friction to curve the moving rock | 12. Protected scoring zone nestled directly behind an established pair of guards,1. Target aim point held on the ice sheet by the skip to guide the thrower's line | 2. The lateral curved trajectory traveled by a stone as its rotational speed decays | 3. Foundational governing curling club formed in Edinburgh in 1838 | 4. Centuries-old Scottish nickname for curling inspired by stone friction on pebble | 5. Sweeping call confirming the rock is light and requires active brushing to carry | 6. Customary post-game ritual marking the official and respectful conclusion of play | 8. Localized patch of polished pebble where stones travel with unexpectedly low friction | 11. Glancing deflection off a stationary rock used to angle the shooter into position
2026-11-28,mini,Fast Five 12,##F####/BLANK##/##S####/PIT####/##INOFF/##C####/TOEDRAG,2. Scoreless frame intentionally played to retain last-stone advantage for the next end | 3. Recessed ice trough behind the hacks designed to catch excess pebble water and melt | 4. Difficult carom shot where the shooter glances off an outside stone to ricochet into the house | 5. Trailing the toe of the sliding shoe along the ice to stabilize delivery balance,"1. Condition where stones glide exceptionally far with minimal effort, requiring less push"
2026-11-28,midi,Coffee Break 12,RESURFACING/####I######/####N##S###/#HACKWEIGHT/####R##D###/CENTERWEDGE/####C##S###/###COINTOSS/####R##E###/#HEADERPIPE/###########,"1. Complete ice-maintenance sequence involving scraping, flooding, and pebbling | 4. Moderate takeout velocity matching the force needed to reach the opposite hack | 5. Tightly clustered pack of stones wedged directly along the center line | 6. Opening procedure frequently used before games to establish stone color or practice order | 7. Primary manifold pipeline distributing chilled refrigerant beneath the concrete slab",2. Cumulative win-loss ledger posted by a curling team across tournament draws | 3. Lateral walking gait executed by sweepers facing directly toward the moving stone
2026-11-28,main,Heavy Hitter 12,####C#B####C###/####U#E####L###/#STIRLINGSTONE#/#L##L#J##I#C###/TICK##I##L#K###/#P####N##V#C###/POPPINGTHEROCK#/#N#E##V##R#N##I/#G#B##E##B#T##C/#R#B##N##R#R##E/#I#L##U##O#O##A/#P#E##E##O#L##G/#P#####O#M#L##I/YES####F###E##N/#R#FIVEFOOTRING,"4. Sixteenth-century inscribed outdoor boulder recognized among the oldest curling relics | 6. Finesse shot that grazes a center guard toward the wing without removing it from play | 7. Jerking the delivery handle abruptly upon release, inducing hop and loss of line | 11. Sweeping call confirming the rock is light and requires active brushing to carry | 12. Non-standard scoring circle occasionally painted on recreational or novelty sheets",1. The lateral curved trajectory traveled by a stone as its rotational speed decays | 2. The 'Ice Cube' aquatics center repurposed for curling at the 2022 Olympics | 3. Electronic console operated by officials to start and pause thinking time | 4. Flexible rubber cover pulled over sliding Teflon when stepping off the ice sheet | 5. Historic world men's championship trophy awarded annually between 1968 and 1985 | 8. Water droplets sprayed onto the ice sheet that freeze into textured bumps | 9. Gradual smoothing and deterioration of ice pebble over ten frames of heavy competition | 10. Directive shouted to sweepers to instantly cease brushing and step off the line
2026-11-29,mini,Bite-Sized 12,####T##/CUPPING/####M##/NIPPER#/##E#O##/ICEDUST/##L#T##,2. Concave underside design of a stone that leaves only an annular ring touching the ice | 3. Blade tool dragged across pebbled ice to shear down sharp tips and level the running plane | 5. Microscopic frozen particles scraped up by heavy brushing or hard sliding stops,1. Sixty-second tactical pause requested by a rink to confer with their coach | 4. High-velocity strike engineered to remove a target guard while spinning the shooter out of play
2026-11-29,midi,The Interlock 12,W##S###F#B#/E##WARMROOM/I##I###O#N#/G##N#D#S#S#/H##GRIPTAPE/T##I#S###I#/JOHNSHUSTER/U##G#####L#/D#WICK#LIP#/G##C#####I#/EXTENDER#N#,5. Comfortable heated gallery overlooking the refrigerated ice sheets | 7. Textured tacky adhesive wrapped around carbon broom shafts for hand traction | 8. American skip who rallied his squad from elimination to win 2018 Olympic gold | 9. Glancing deflection off a stationary rock used to angle the shooter into position | 10. Raised ridge or imperceptible contour variation in the ice surface that alters rock travel | 11. Brushing technique performed to prolong forward momentum and stretch rock carry,1. Sweeper whose primary responsibility during the slide is estimating final stopping distance | 2. Playing surface exhibiting exceptional amounts of curl from hog line to house | 3. Airborne humidity crystalizing on the ice surface that creates drag and slows rocks | 4. Commemorative enamel souvenir traded between competing curlers at weekend bonspiels | 6. Undesirable saucer-shaped low spot where water pools during the initial flooding phase
2026-11-29,main,The Omnibus 12,#BRUSHHEADDUMP#/Z########E#####/E#####M##F#####/ROTATIONALSPEED/O#####V##E#####/P##B##E##C#####/O#GRANDMATCH###/I##O##O##I#####/N##O##PIVOTLEG#/T##M##P##N#####/E##S##O#HANDLE#/N##T##N##N#R###/D##R#DEEPGUARD#/###A##N##L#W###/SKIP##T##E#####,"1. Disqualified sweeping motion where the broom deposits scraped frost directly in the rock's path | 5. Rate of angular rotation completed by a delivered stone as it travels down ice | 7. Centuries-old Scottish outdoor festival congregating hundreds of curlers on frozen lochs | 8. Trailing limb tucked underneath the torso to provide stability throughout the sliding phase | 9. Bolted plastic grip atop a granite stone used by the thrower to impart rotation | 11. Stone positioned barely above the twelve-foot circle, close to counting rocks | 12. Rink captain who directs strategy from the house and usually plays fourth stones",2. Resulting vector followed by the shooting rock after an off-center collision | 3. Frame concluded with no stones lying within the house to retain the hammer | 4. Opposing stone repositioned by the non-offending skip after a burnt-rock foul | 6. Wrist tether fitted to brush shafts to prevent dropped brooms from sliding down ice | 10. Touch shot delivered to come to rest inside the house without striking another stone
2026-11-30,mini,Micro Grid 12,##INOFF/N####O#/A####R#/R#DRIFT/R##I#E#/O##N#I#/WEIGHT#,1. Difficult carom shot where the shooter glances off an outside stone to ricochet into the house | 4. Unintended lateral displacement of a stone caused by minor sloping in the ice floor | 6. Velocity and momentum imparted to a stone during slide and release,2. Automatic defeat registered against a squad that fails to ice a legal four-person team | 3. Shot delivered inside the skip's broom line that risks crossing over too early | 5. Any of the three circular boundaries that establish scoring territory in the house
2026-11-30,midi,Noon Spark 12,#CENTERTICK/###E###H###/###G###E###/STEALTHREE#/L##T###M###/I##I#GUARD#/D##V###L###/E##E###L###/#THIRTEEN##/###C###A###/LATEHOOK###,"1. Finesse bump shot intended to nudge a center-line guard toward the sidelines | 4. A devastating three-point defensive theft that cripples the opponent's momentum | 5. Rock deliberately positioned between the hog line and house to shield a scoring path | 6. Maximum theoretical stones that can remain in play before delivery number fourteen | 7. Dramatic, sharp lateral curl occurring during the final three feet of deceleration",2. Sheet defect where a stone runs counter to its rotation and falls away | 3. Uninsulated wall seam or doorway allowing warm drafts to degrade perimeter pebble | 4. Forward glide out of the hack that establishes the stone's initial velocity
2026-11-30,main,Crucible 12,B#CORNERPOCKET#/O#####R###U##A#/THROWINGPERCENT/T#####I###L##K#/O#####E###I##A#/M#####R###N##R#/TREMOLITE#G##D#/U#####C###H####/R#####H###O####/N###CHALKBOARD#/##S###R###D####/##H###D###I####/##E#FASTSHEET##/##E###O########/CATCHINGARUNNER,2. Safe scoring sanctuary in the wing sheltered behind established corner guards | 6. Individual statistical rating averaging all shot execution scores across a match | 7. Fibrous mineral naturally embedded within Ailsa Craig granite matrices | 8. Historic club wall scorekeeper used before the advent of digital flip displays | 10. Low-friction ice surface allowing rocks to travel with exceptionally light push | 11. Sweeping mishap where the broomhead physically touches the moving stone,1. Delicate release technique applying the handle rotation during the final inch of finger contact | 3. Legendary Saskatchewan skip nicknamed 'The King' who captured four Brier titles | 4. Thermal technical pullover worn by modern competitive curlers during games | 5. The prestigious silver trophy hoisted annually by Canadian Brier champions | 9. The complete rectangular strip of prepared ice between hack and backboard
2026-12-01,mini,Quick Solve 13,##C##H#/##L##O#/##U##U#/##B##S#/GRIPPER/##C#I##/SHEET##,"3. Rubber slip-on cover protecting the sliding sole while walking across the sheet | 5. The complete rectangular strip of prepared ice bordered by hog, tee, and back lines","1. Dedicated permanent sheet ice maintained for seasonal league play by community clubs | 2. The target area defined by concentric four-, eight-, and twelve-foot rings | 4. Recessed ice trough behind the hacks designed to catch excess pebble water and melt"
2026-12-01,midi,The Daily Grid 13,SANDBASE###/K###U####F#/I#HAMMER#L#/P###P####A#/##HEAVYHIT#/####N####K#/#SHADOWLINE/####R####I#/####O####F#/####LOUNGE#/####L######,1. Traditional sub-floor substrate commonly used in older rinks before concrete slabs | 4. Advantage of throwing the sixteenth and final stone of an end | 5. High-velocity delivery launched with maximum power to ensure complete removal | 6. Faint optical illusion across pebbled ice caused by uneven overhead arena fixtures | 7. Clubhouse viewing room where spectators and curlers watch games through glass panels,1. Team strategist who calls shots from the house and traditionally throws fourth | 2. Promoting a friendly stone forward while caroming sideways into a scoring lane | 3. Scraper blade with a level cutting edge used to shave high spots across the sheet
2026-12-01,main,The Masterpiece 13,#############B#/ROOFDRIP###P#A#/###U#######O#C#/#DELIVERYSTICK#/###L#######N#H#/#LASERLINEATION/###L####I##S#U#/#S#I####P##C#S#/#P#D#C##P##U#E#/WIDECORNERDRAW#/#N#R#L##R##L#E#/#N#S#D#####I#I#/#E#H#I#####N#G#/#R#O#C#####G#H#/###E#END#####T#,"2. Hazardous water droplet falling from arena rafters that ruins pebbled sheets | 5. Shaft fitted with a handle bracket permitting curlers to throw from an upright stance | 6. Diagnostic tool projecting calibrated light lines across sheets to reveal ice dips | 10. Precision shot curling from outside the sidelines into the back four-foot | 11. Standard division of play consisting of sixteen delivered stones, eight per team","1. Delivery calibrated with just enough force to glide to the rear half of the circles | 3. Footwear manufactured with a solid, uninterrupted Teflon sole across the entire base | 4. Historic individual competition testing execution across specialized curling shots | 7. Grooming blade dragged across frozen pebble to trim peaks and flatten running tops | 8. Stone thrown with excessive rotation that fails to curl and tracks straight | 9. Playing surface cooled below optimum temperature, creating heavy friction and less curl"
2026-12-02,mini,Morning Coffee 13,KICKOFF/##H####/SHAVING/P#N####/L#N####/ICESEAL/T#L####,1. The explosive initial drive of the hack foot that powers the delivery slide | 3. Fine sliver of ice sheared from pebble peaks by the scraper knife during grooming | 4. Micro-thin water spray applied over painted circles to lock colors into place,2. Groove gradually worn into pebble by repeated stones tracking the identical path | 3. Shot hitting an outside rock to nudge both stones into active scoring positions
2026-12-02,midi,Midday Break 13,#GUNBARREL#/####A######/####I######/#PULLTEST##/#O##O######/#S##U######/#TEXTUREPAD/#G##S######/LAZYHANDLE#/#M##O######/HEADTOHEAD#,"1. Tactical lane down the center line left open by rinks playing corner-guard strategies | 3. Technical inspection measuring stone handle resistance and rotational smoothness | 4. Abrasive diamond pad used by ice technicians to scratch slick ice before pebbling | 5. Delivery where rotation stalls prematurely, causing the stone to dump off line | 6. Primary round-robin tiebreaker comparing results between tied rinks","2. Clutch, high-difficulty recovery delivery played to rescue a compromised end | 3. Team debriefing session analyzing shot percentages and strategic execution"
2026-12-02,main,Weekend Edition 13,######S#######T/##REDLIGHTFLASH/######D#A#####I/#SWEEPERCALL##R/######B#K#####D/#BEAUFORTSCALE#/######A#O######/CLUTTER#H#B####/######D#A#L####/###RUNBACKANGLE/######O#K#N####/######U#T#K####/LINESENSITIVITY/######C#M#N####/###FREEZE#G####,3. Visual sensor warning triggered on the handle when a hog-line foul occurs | 5. Shouted communication between front-end sweepers assessing weight and path | 6. Wind scale historically consulted by outdoor Scottish curlers on exposed lochs | 7. Tactical condition featuring numerous stones congested in and around the house | 9. Geometric alignment calculated to drive an exterior guard into a target scoring stone | 10. A thrower's biomechanical precision in consistently releasing down the broom | 11. Mastery shot that draws directly to touch an opponent's rock without displacing it,"1. Dead-ball violation triggered instantly when a rock makes physical contact with the perimeter timber | 2. Rink position delivering rocks five and six, traditionally holding vice-skip duties | 4. Interval stopwatch measurement timed from the delivery foothold to the receiving hack | 8. Deliberately throwing through the rings with hammer to maintain last-stone advantage"
2026-12-03,mini,Brain Snack 13,######W/#I#S##I/KNEEPAD/#T#C##E/#U#O###/#RUNWAY/#N#D###,4. Cushioned guard strapped to the trailing knee by curlers who slide low to the ice | 5. Pebbled corridor down the sheet continually smoothed by consecutive stone paths,"1. Delivery that tracks outside the skip's target broom, often struggling to curl back in time | 2. Clockwise rotation applied upon release by a right-handed thrower | 3. Rink member who delivers the team's third and fourth stones of an end"
2026-12-03,midi,Brain Teaser 13,#C###M##R##/DOUBLETOUCH/#L#I#A##N##/#D#T#S##N##/FIFECURLING/#C#R#R##N##/#E#S#E##G##/###B####P##/#CRADLE#A##/###R#S##T##/#####D##H##,4. Rule violation where a curler makes secondary contact with a rock after release | 6. Ancient regional Scottish association with curling traditions spanning centuries | 7. Metal holding rack positioned behind the back line to store stones not in play,"1. Playing surface cooled below optimum temperature, creating heavy friction and less curl | 2. Precision mechanical gauge pivoted from the pin to resolve contested shot rocks | 3. Consistent ice lane conditioned and smoothed by repetitive stone passes | 5. Mechanical measuring wand pivoted around the twelve-foot circle to check margins | 8. Common tournament abbreviation for the Last Stone Draw shootout preceding each draw"
2026-12-03,main,Brain Bender 13,#TWOHANDEDSWEEP/##########I###O/BARRIERSTONE##W/########E#G###E/#FULLSOLESLIDER/#O######L#E###P/#R#LIP##I#K###L/#C###U##N#N###A/RELEASEVELOCITY/#O###H####C###O/#N###T####K###P/#E##THIRDROCK#T/#####R####U###I/#####O####T###O/#####W######PIN,"1. Standard sweeping posture gripping the brush shaft firmly with both hands | 4. Rock resting near the back line acting as a catcher to trap incoming tap-backs | 6. Continuous sheet of Teflon covering the entire underside of the sliding shoe | 7. Raised ridge or imperceptible contour variation in the ice surface that alters rock travel | 9. Initial speed of a rock measured immediately after the fingers leave the handle | 10. Stones delivered by the third player, crucial for setting up the skip's final shots | 11. Central brass marker or screw hole drilled into the ice at the center of the button",2. Sudden-death tournament format where a single loss eliminates the rink | 3. Mixed doubles rule permitting a team to shift pre-placed stones to corner lanes | 5. Stripe traversing the sheet exactly through the center of each house | 6. Defensive strategic objective holding the hammer team to a single point | 8. Recreational delivery executed without sliding by stepping forward from the hack
2026-12-04,mini,Commuter Special 13,DRYSHED/###O###/###U###/DEBRIS#/I##I###/SLICING/H##E###,1. Rink environment where industrial dehumidifiers maintain optimum low air moisture | 3. Stray brush hairs or dirt on the sheet that pose a hazard for moving stones | 4. Delicate throwing mechanic imparting an intentional outward release angle to manipulate curl,"2. On-ice slang for soft, degraded surface conditions late in a marathon tournament | 3. Undesirable saucer-shaped low spot where water pools during the initial flooding phase"
2026-12-04,midi,Perfect Puzzler 13,BATTERYPACK/###H###E#U#/###E#R#R#R#/K##R#A#T#L#/EVEMUIRHEAD/E##A#S#S#X#/N##L#E#H#I#/INOFF##I#S#/C##L#PORT##/E##U###E###/###X#######,1. Internal power supply enclosed inside electronic sensor handles | 7. Scottish skip who led Great Britain to a dominant 2022 Olympic women's gold | 8. Difficult carom shot where the shooter glances off an outside stone to ricochet into the house | 9. Narrow corridor between two stationary stones through which a delivered rock must pass,2. Rate of heat transfer from arena ambient air down into the refrigerated ice slab | 3. Historic Scottish county revered as an ancient cradle of organized outdoor bonspiels | 4. Theoretical vertical axis around which a curling stone rotates during its transit | 5. Shot that bumps a stationary rock forward along its path toward the button | 6. Low-friction surface conditions where stones glide effortlessly with minimal push
2026-12-04,main,The Grand Grid 13,S###########K##/PERIMETERBOARDS/L###E#A###U#I#L/I#LINEPAINT#S#I/T###W#####S#T#D/S###I##C##I#I#E/O###T##O##D#N#R/L###H##A##E#S##/E#C#B##C##T#K##/S#HORSEHAIRPAD#/L#I#O#####A#S##/I#L#O#SKIPCALL#/D#L#M#####K#I##/E#E#S#######E##/R#R###EXTRAEND#,3. Exterior arena walls bounding the refrigerated ice pad and spectator walkways | 8. Specially formulated acrylic pigment applied to seal boundary lines on base ice | 11. Traditional bristle brush head historically legal before modern synthetic fabric bans | 12. Shot choice and broom placement indicated on the ice by the team captain | 13. Overtime period played to break a tied score after regulation ends,1. Curling shoe featuring separated Teflon pads beneath the heel and ball of the foot | 2. Norwegian mixed doubles Olympic medalist partnered with Magnus Nedregotten | 4. Canadian comedy film starring Paul Gross celebrating curling culture and small-town rinks | 5. Soft-weight delivery aimed to bump a stationary rock back by only a few inches | 6. Delivery lane tracking along the outer wings near the boundary sideboards | 7. Slick material fixed beneath the sliding shoe to reduce friction during delivery | 9. Bench tactician permitted to consult with players during designated timeouts | 10. Industrial compressor refrigeration unit circulating sub-zero brine underneath the floor
2026-12-05,mini,Fast Five 13,BLANK#F/U#####R/RUNTIME/L#####E/I#####Z/N#DEUCE/G######,1. Scoreless frame intentionally played to retain the last-stone advantage into the next end | 3. The total elapsed seconds a thrown stone takes from hack release to complete rest | 4. Two-point score traditionally viewed as a successful offensive conversion with hammer,1. Archaic Scottish term for tossing and swirling rough natural stones over lochs | 2. Precision touch shot that comes to rest nestled flush against an opponent's stone
2026-12-05,midi,Coffee Break 13,LAKEPLACID#/A####U#####/T#SLICKSPOT/E####K##O#E/RUNWAY##W#S/A####B##E#T/L####O##R#R/HACKCUP#P#O/O####N##L#C/O##BACKHACK/K####E##Y##,1. American host city of the historic 1932 Olympic curling demonstration matches | 3. Localized patch of polished pebble where stones travel with unexpectedly low friction | 6. Pebbled corridor down the sheet continually smoothed by consecutive stone paths | 7. Recessed indentation cast into the arena concrete floor to receive the hack | 8. Older foothold layout situated further back from the delivery tee line,1. Pronounced sideways deflection occurring during a stone's final deceleration phase | 2. Fortuitous carom off an opponent's stone resulting in an unexpected counter | 4. Mixed doubles tactical option placing the pre-positioned stones toward one side of the house | 5. Calibrated stone thrown by ice technicians to time sheet speed before a draw
2026-12-05,main,Heavy Hitter 13,R####T#########/E#HIDINGBEHIND#/D####M########T/HANDLEOFFSET##I/O####P########M/G#SWEEPINGFORCE/L#H##N########C/ICEREADINGSKILL/N#A##L#####N##O/E#R##T#####E##C/L#P##Y#####E##K/I#L########P###/GUARD#BASEWATER/H#N########D###/TOESLIDER######,"3. Deliberately playing a touch draw to tuck fully behind an opponent's guard | 5. Mechanical misalignment where a stone handle is mounted off-center, causing wobble | 6. Downforce measured in pounds or kilograms exerted directly downward onto the broom head | 7. The mental ability to diagnose sheet drift and anticipate pebble wear patterns | 9. Rock intentionally stationed short of the house to shield potential scoring paths | 10. Initial water layers frozen directly against the concrete floor to seal pores | 11. Compact Teflon disc mounted beneath the shoe toe for curlers using a tuck slide",1. Visual sensor alert signaling a thrower failed to release before the hog line | 2. Sanction imposed when a rink completely consumes its allocated thinking time | 4. Overhead digital display monitoring allotted team thinking duration per game | 6. Microscopic friction layer between pebble crowns and the moving stone base | 8. Cushioned guard strapped to the trailing knee by curlers who slide low to the ice
2026-12-06,mini,Bite-Sized 13,##RAISE/#J###C#/RUNNER#/#N###A#/SKIP#P#/#####E#/#BITER#,1. Shot that propels a stationary rock forward along its line into the house | 4. High-velocity stone thrown to punch cleanly through guards and blast targets away | 5. Rink captain who directs strategy from the house and usually plays fourth stones | 6. Stone barely overlapping the outermost edge of the twelve-foot circle,"2. Precision conditioning machine fitted with micro-adjustable blades to level the sheet | 3. On-ice slang for a congested end packed with corner guards, biters, and frozen rocks"
2026-12-06,midi,The Interlock 13,#F###A#####/#O#ROLLOUT#/#R#O#I###I#/#CROWNTRACK/#E#F#A###K#/###D#P##L##/###R#A##O##/UMPIREGAUGE/###P#T##N##/#####Z##G##/########E##,3. Takeout shot that strikes the target rock and caroms completely out of the playing area | 5. Line tracking the apex ridge of a sheet where lateral curl is amplified | 7. Feeler tool used by tournament referees to verify legal stone clearance under the hog line,1. Defensive victory achieved by restricting a hammer team to a single point | 2. Swiss fourth thrower celebrated for elite takeout execution under skip Silvana Tirinzoni | 3. Hazardous water droplet falling from arena rafters that ruins pebbled sheets | 4. Delicate carom shot that displaces a center guard toward the wings without knocking it out | 6. Clubhouse viewing room where spectators and curlers watch games through glass panels
2026-12-06,main,The Omnibus 13,###W##W####L###/STAINLESSSLIDER/U##D##I#T##P###/B##E##G#I######/Z#ICETHICKNESS#/E##O##T#K######/R##R##T###W####/O##N##R###I#H##/#H#E#TAPANDROLL/#A#R##N###E#G##/#M#G##S###G#T##/#M#U##F###R#O##/RETAINEDWEIGHT#/#R#R##R###P#O##/###D########G##,4. High-speed metallic sole material historically favored before Teflon became universal | 6. Total measurement from the concrete base slab to the top of the frozen pebble | 10. Soft hit bumping an opponent's rock deeper while rolling into active cover | 11. Residual kinetic energy remaining in a stone as it completes its final rotation,1. Rock placed near the sideline in the free guard zone to set up big ends | 2. Biomechanical shift of body mass from the rear foot to the sliding foot inside the hack | 3. Raised ridge or imperceptible contour variation in the ice surface that alters rock travel | 4. Brine temperature range circulating beneath the concrete to maintain ice firmness | 5. Assisted delivery device permitted for recreational play and wheelchair competition | 7. Brushing stance spreading hands wide apart on the shaft for maximum downward force | 8. Standard interval stopwatch timing method used to calculate rock velocity over fifty feet | 9. Advantage held by the team delivering the final stone of an end
2026-12-07,mini,Micro Grid 13,CHATTER/A######/RUNBACK/V##I###/I#STEAL/N##E###/G##R###,1. Rapid micro-vibration audible when a stone encounters rough pebble or frost | 2. Takeout executed by striking an exterior guard to drive it into a stone in the house | 4. Scoring points in an end when not in possession of the hammer,1. Advanced sweeping technique orienting brush angles to actively steer stone curl | 3. Stone that barely touches the outer twelve-foot margin of the house
2026-12-07,midi,Noon Spark 13,DRAW####A##/###H#H##I#L/#H#I#A##L#A/#O#N#R##S#T/OUTSIDELANE/#S#T####C#N/#E#O####R#T/###N####A#H/CHIEFUMPIRE/########G#A/##########T,"1. Shot delivered with just enough momentum to settle in the house without striking another stone | 7. Sheet area situated toward the boundary boards away from the center corridor | 8. Head official responsible for resolving disputes, rules appeals, and timekeeping","2. Dark, dense basaltic river boulders gathered for primitive Scottish curling | 3. Scottish granite outcrop historically quarrying Green and Blue Hone rock for stones | 4. Urgent vocal directive bellowed by the skip demanding maximum downward brush force | 5. Thermal energy absorbed or released by water during freezing and melting phase changes | 6. The target area defined by concentric four-, eight-, and twelve-foot rings"
2026-12-07,main,Crucible 13,####B###S##F###/####A##TOECOAT#/####C#T#F##U###/#TICKSHOTRULE##/####O#U#H##L#L#/####F#M#I##I#U#/####T#B#T##N#C#/###THERMALLEAK#/####E#E#N####Y#/####H#S#D####B#/TIMEOUTPROTOCOL/####U###O####U#/####S###L####N#/#LINECALLING#C#/#############E#,4. Durable polyurethane layer painted over the trailing shoe to reduce sliding drag | 6. World Curling regulation barring displacement of center guards touching the center line | 8. Uninsulated wall seam or doorway allowing warm drafts to degrade perimeter pebble | 9. Regulation restricting coach consultations to designated one-minute stoppages | 10. Vocal instructions barked by the skip directing sweepers to hold or steer line,1. The lower hemisphere of the house situated behind the transverse tee line | 2. Controlled strike that eliminates a target stone before gliding gently behind cover | 3. Informal or archaic term for the transverse line marking the delivery release limit | 5. Ergonomic groove molded into modern handles providing consistent grip placement | 7. Fortuitous carom off an opponent's stone resulting in an unexpected counter
2026-12-08,mini,Quick Solve 14,H#H#OFF/A#O###A/MITTENS/M#H###T/E#A###I/RINK##C/##D###E,"3. Directive shouted to sweepers to instantly cease brushing and step off the line | 5. Thermal fleece or leather handwear favored by front-end sweepers in cold sheds | 6. Four-person curling squad, or the ice facility in which the match is staged","1. Advantage of throwing the sixteenth and final stone of an end | 2. Colloquial term for a skip or thrower executing nearly one hundred percent of their shots | 4. Condition where stones glide exceptionally far with minimal effort, requiring less push"
2026-12-08,midi,The Daily Grid 14,#P#ICEEMBED/#E######R##/#B####T#I##/#B####A#N##/SLEDNIPPER#/#E######P##/#COMEAROUND/#R######M##/OUTTURN#P##/#S#########/CHALKLINE##,"2. Any painted boundary, marker, or electronic sensor frozen within the playing pad | 5. Wide steel blade mounted on a manual sliding sled pulled over sheets to level pebble | 6. Curving draw path played directly behind an established guard | 7. Counterclockwise rotation applied upon release by a right-handed thrower | 8. String line snapped across bare concrete to establish boundary coordinates",1. Gradual flattening of surface water droplets under the passage of heavy stones | 3. Heavy-duty mechanical pump circulating chilled liquid refrigerant beneath sheets | 4. Soft-weight delivery aimed to bump a stationary rock back by only a few inches
2026-12-08,main,The Masterpiece 14,#######G#C####M/#CAROMTAKEOUT#A/#######M#N####N/####B##E#T####I/READINGTHESHEET/U#M#T##I#R####O/B#O#E##M#C####B/##S#R##I#O####A/##M####N#R####C/#POINT#G#R####U/##S###T##I####R/#LASTSHOTDRAW#L/##N###I##O####I/##E###R##R####N/##R###D#######G,4. Complex multi-stone collision requiring the shooter to hit two targets via bank angles | 6. Diagnostic practice of tracking stone tracks during pre-game warmups | 8. Basic scoring unit awarded for each counter closer to the pin than any opposing rock | 10. Statistical distance metric accumulating centimeters from the button across round-robin play,"1. Allotted thinking-clock system penalizing rinks that exceed time budgets | 2. The critical four-foot wide corridor extending along the center line from hack to hack | 3. Prairie curling culture renowned for pioneering the tuck slide and elite champions | 5. Stone that barely grazes the outer twelve-foot margin of the house | 6. Gentle, incidental deflection off a stationary rock that barely changes the shooter's line | 7. Italian powerhouse who partnered with Constantini to win 2022 Olympic mixed doubles gold | 9. Rink position delivering rocks five and six, traditionally holding vice-skip duties"
2026-12-09,mini,Morning Coffee 14,######P/#HARD#O/#E#U##C/TAPBACK/#V####E/#E####T/#######,2. Urgent vocal directive bellowed by the skip demanding maximum downward brush force | 4. Delicate bump shot that nudges an opponent's rock deeper into the rings,"1. Protected scoring zone nestled directly behind an established pair of guards | 2. Severe upward buckling of arena floors caused by freezing subterranean ground moisture | 3. Gentle, incidental deflection off a stationary rock that barely changes the shooter's line"
2026-12-09,midi,Midday Break 14,#T#########/KEVINMARTIN/#N######O##/#E#S####E##/#NIKLASEDIN/#D#I####R##/#M#P####A##/#A#R#WEIGHT/#T#O#I#####/ICECANOPY##/#H#K#G#####,2. Alberta skip known as 'The Bear' who captured 2010 Olympic gold undefeated | 5. Swedish skip who captured six World Men's Championships and 2022 Olympic gold | 6. Velocity and momentum imparted to a stone upon release | 7. Structural arena ceiling directly above the sheets that radiates ambient heat downward,1. Regulation championship game length contested at World Championships and the Olympics | 3. Trailing the toe of the sliding shoe along the ice to stabilize delivery balance | 4. Either of the final two decisive stones delivered by a rink to conclude an end | 6. Portion of the sheet situated outward near either boundary beyond the four-foot line
2026-12-09,main,Weekend Edition 14,##############C/#########H####O/PEBBLEBREAKDOWN/######R##N#R##T/#DEIONIZEDWATER/####F#E##L#W##O/##C#F#R##E#S##L/##H######B#T##L/#RINKPROTOCOL#E/##L######L#T##D/##L######T#H##D/##E########E##R/NARROW#DRIFT##A/###########E##W/#ROTARYNIPPER##,"3. Loss of pebble height and texture caused by aggressive, high-pressure sweeping | 6. Purified water stripped of dissolved minerals to produce dense, durable pebble | 9. Traditional etiquette mandating silence and still posture during opponent deliveries | 10. Shot delivered inside the skip's broom line that risks crossing over too early | 11. Unintended lateral displacement of a stone caused by minor sloping in the ice floor | 12. Powered circular blade machine used by arena technicians to shear pebble crowns",1. Touch shot guided down ice with precision sweeping to stop on the skip's mark | 2. Threaded steel bolt traversing the stone core to anchor the plastic handle assembly | 4. Annual Canadian men's championship awarding the silver Tankard | 5. Throwing practice routine focused entirely on touching the transverse axis of the house | 7. Directive shouted to sweepers to instantly cease brushing and step off the line | 8. Industrial compressor refrigeration unit circulating sub-zero brine underneath the floor
2026-12-10,mini,Brain Snack 14,#S#T##H/#H#A##O/CUPPING/#T####G/COLDICE/#U####D/#T#####,"4. Concave profile milled into a stone's underside that leaves a narrow running ring | 5. Playing surface cooled below optimum temperature, creating heavy friction and less curl",1. Winning a curling contest without permitting the opposing rink to score a single point | 2. Soft-weight delivery aimed to bump a stationary rock back by only a few inches | 3. Violation called when a delivered rock fails to completely clear the far hog line
2026-12-10,midi,Brain Teaser 14,OFFTHEBROOM/#A##A#A####/#L##C#R#C#H/BLANK#R#L#A/#I##B#I#O#C/#N##O#E#T#K/#G##L#R#H#F/LIP#T#I#L#O/#C####C#O#O/HEAVYWEIGHT/########O##,"1. Delivery error where the thrower releases the handle wide or tight of the intended mark | 7. End concluded with zero stones in the house, maintaining last-stone advantage | 8. Raised ridge or imperceptible contour variation in the ice surface that alters rock travel | 9. Any takeout thrown above standard control velocity to minimize lateral curl",2. Sheet condition where stones lose curl and slide away toward the outer sidelines | 3. Heavy-duty anchor bolt securing the rubber hack assembly into the concrete slab | 4. Perimeter ice border along the side boards exhibiting erratic curl due to heat gain | 5. Textile sponsor emblem frozen between ice layers during arena championship prep | 6. Foot braced firmly against the rubber wedge to initiate explosive delivery drive
2026-12-10,main,Brain Bender 14,##DOUBLEBITERS#/#########C#####/#W##CLEANEND###/#E#######T#I###/#T#PEBBLEHEAD##/#I#######E#M###/#CONDENSERCOIL#/#E#######M#N#O#/######SECOND#W#/##G######C#T#S#/##L######O#R#I#/##Y####HOUSE#D#/##C######P#A#E#/DROPKNEESLIDE##/##L######E#####,"1. Rare scoring situation where two separate rocks simultaneously graze the outer ring | 4. Frame where both teams execute repetitive peel takeouts to keep the house empty | 6. Perforated brass nozzle screwed onto a spray tank to produce ice water droplets | 7. Arena loop discharging dissipated heat outdoors away from the refrigerated pad | 9. Rink member who delivers the team's third and fourth stones of an end | 11. The target area defined by concentric four-, eight-, and twelve-foot rings | 12. Delivery mechanic where the curler rests the trailing knee flat against the ice","2. Electronic probe embedded within the ice to measure sub-surface temperatures | 3. Degraded playing surface with standing water pooling on pebble, causing extreme drag | 5. Cross-hatched rubber grip molded into the hack base to stop foot slippage | 8. The downhill side of a sloped sheet where moving stones slide away and fall off line | 10. Chilled antifreeze chemical compound pumped through sub-slab refrigeration tubes"
2026-12-11,mini,Commuter Special 14,##B###M/CLUBICE/##T###A/MITTENS/##O###U/##N###R/###WIDE,"3. Dedicated permanent sheet ice maintained for seasonal league play by community clubs | 4. Thermal fleece or leather handwear favored by front-end sweepers in cold sheds | 5. Delivery that tracks outside the skip's target broom, often struggling to curl back in time",1. The exact central bull's-eye of the house | 2. Brass mechanical gauge deployed by the umpire to resolve stones equidistant from the pin
2026-12-11,midi,Perfect Puzzler 14,##D########/TOEGRIPPER#/E#A####E###/A#DRYPEBBLE/M#H####B##X/CRADLE#L##T/A#N####E##R/N#D####D##A/A#L####U##E/D#E##PORT#N/A######A##D,"2. Textured traction rubber molded beneath the pushing shoe's toe for hack drive | 4. Pebble droplets frozen without bonding firmly to base ice, leading to chipping | 6. Metal holding rack positioned behind the back line to store stones not in play | 7. Narrow corridor between two stationary stones through which a delivered rock must pass",1. Stone thrown with virtually no rotation that drifts unpredictably off its line | 2. Defending national champion squad awarded automatic qualification to the Brier or Scotties | 3. Engineering metric assessing the compression hardness of frozen water droplets | 5. Overtime period played to break a tied score after regulation ends
2026-12-11,main,The Grand Grid 14,##C###N########/#ROUNDOFSIXTEEN/##L###S########/##D###E#####R##/##W###H###T#U#T/DRAWWEIGHTRANGE/##T#H#T###A#B#S/##E#I#####C#A#T/##R#T#####Y#C#R/##P#E#####F#K#O/##E#S#####L###C/##BEHINDTHEHACK/##B#E#####U####/##L#E#####R####/##E#T#HEAVYHIT#,3. Championship playoff bracket stage featuring sixteen surviving rinks | 7. The spectrum of throwing velocities spanning front four-foot touch to back twelve-foot | 9. Waiting area behind the delivery backboard reserved for the shooting team | 10. High-velocity delivery launched with maximum power to ensure complete removal,"1. Droplets applied at low temperatures, producing softer beads that break down quickly | 2. Strike where the shooter contacts the target stone dead-center, killing momentum | 4. Takeout where a shooter strikes a guard to drive it into a target stone deeper in the house | 5. Top-ranked Canadian skip and vice-skip known for elite tactical strategy and consistency | 6. Calibrated stone thrown by ice technicians to time sheet speed before a draw | 8. Bright background created by painting sub-ice white to maximize stone visibility"
2026-12-12,mini,Fast Five 14,PIT####/##A###H/TAKETWO/##E###G/L#O###G/SOURICE/D#T###D,"1. Recessed ice trough behind the hacks designed to catch excess pebble water and melt | 4. Tactical decision with hammer to settle for a pair of points rather than forcing a blank | 6. On-ice slang for soft, degraded surface conditions late in a marathon tournament",2. Heavy-weight delivery intended to remove an opposing stone from play | 3. Violation called when a delivered rock fails to completely clear the far hog line | 5. Common tournament abbreviation for the Last Stone Draw shootout preceding each draw
2026-12-12,midi,Coffee Break 14,###BRUSHPAD/##H####I###/PEELWEIGHT#/##A####H#O#/DIVOT##S#E#/##Y####I#C#/OUTTURNDRAW/##H####E#P#/##R########/CROSSICE###/##W########,1. Synthetic fabric face fastened to a broomhead to contact and polish ice pebble | 4. Maximum throwing velocity deployed to eliminate both the target guard and shooter | 6. Gouge in the sheet surface caused by an accidental stone drop or equipment strike | 7. Counterclockwise touch delivery curving into the house to come to rest as shot rock | 8. Sweeping angle oriented perpendicular to rock travel to maximize pebble contact,2. The uphill side of a sloped sheet where moving stones resist natural curl | 3. Stone released with excessive forward velocity that sails past its target | 5. Protective vulcanized rubber shield coating the front of the trailing slider shoe
2026-12-12,main,Heavy Hitter 14,##C##A#########/##O##I##HACK###/##L##R#C##O##D#/##L##C#O##N##O#/##E##U#N##T##U#/##E##R#C##I##B#/JUNK#T#E##N##L#/##J##A#D##E##E#/#HOGLINESENSOR#/##N##N#T##T##A#/##E####H##A##I#/POSITIVERELEASE/I######E##C##E#/N######N##U####/##SPEEDDROP####,"3. Foot-hold embedded into the ice from which deliveries are launched | 7. On-ice slang for a congested end packed with corner guards, biters, and frozen rocks | 8. Magnetic or optical system installed inside the stone handle to police release fouls | 9. Smooth forward extension where the fingers cleanly unwrap from the handle | 10. Rapid deceleration experienced by a curling rock during its final three feet of motion",1. Hall of Fame Nova Scotia skip who captured six Canadian women's championships | 2. Overhead HVAC blower above the rink entrance preventing warm lounge air from entering | 4. Annual team competition matching North American rinks against the rest of the world | 5. Tactical choice to accept an opponent's score rather than risk a major disaster | 6. Complex promotion shot driving one stone into a second to propel a third forward | 9. Central brass marker or screw hole drilled into the ice at the center of the button
2026-12-13,mini,Bite-Sized 14,#DEUCE#/####H##/TANKARD/####N##/P###N##/ICESEAL/T###L##,1. Two-point score traditionally viewed as a successful offensive conversion with hammer | 3. The prestigious silver trophy hoisted annually by Canadian Brier champions | 5. Micro-thin water spray applied over painted circles to lock colors into place,2. Groove gradually worn into pebble by repeated stones tracking the identical path | 4. Recessed ice trough behind the hacks designed to catch excess pebble water and melt
2026-12-13,midi,The Interlock 14,##T######P#/T#O######I#/ICEDEPTH#V#/G#C######O#/HEADWEIGHT#/T#P######L#/G##S#D#G#E#/U##L#R#U#G#/A##I#I#A###/RANDYFERBEY/D##E#T#D###,"4. Thickness of the competition ice pad, standard between 1.25 and 1.5 inches | 5. Downward muscular force focused directly onto the broom head while sweeping | 9. Six-time Brier champion skip renowned for innovating the 'Ferbey Four' system",1. Protective vulcanized rubber shield coating the front of the trailing slider shoe | 2. Trailing limb tucked underneath the torso to provide stability throughout the sliding phase | 3. Shielding stone resting only a few feet in front of the counter it protects | 6. Forward glide out of the hack that establishes the stone's initial velocity | 7. Unintended lateral displacement of a stone caused by minor sloping in the ice floor | 8. Rock intentionally stationed short of the rings to shield a scoring path
2026-12-13,main,The Omnibus 14,####TOEDRAG#H##/###R######R#A##/T##U#C####I#M##/A##N#H####P#M##/K##B#A##MITTENS/E##A#N####A#R##/T##C#N##LIP#T##/WICK#E####E#R##/O##T#L#DRAW#A##/###A#S####R#C##/###K#T#I##A#K##/WIDECORNERPEEL#/###O#N#O####R##/###U#E#F#######/###T#SOFTTOUCH#,1. Trailing the toe of the sliding shoe along the ice to stabilize delivery balance | 7. Thermal fleece or leather handwear favored by front-end sweepers in cold sheds | 8. Raised ridge or imperceptible contour variation in the ice surface that alters rock travel | 9. Glancing deflection off a stationary rock used to angle the shooter into position | 10. Touch shot delivered to come to rest inside the rings without hitting another stone | 12. Takeout aimed specifically at removing an opponent's guard resting on the extreme wing | 13. Elite throwing feel allowing a player to reliably deliver delicate draw weight,2. Textured wrapping applied around lower broom shafts to prevent hand slipping | 3. Scoreboard indicator or digital graphic designating which rink holds last stone | 4. Shot driving an exterior guard backward to remove an opponent's rock in the rings | 5. Tactical decision with hammer to settle for a pair of points rather than forcing a blank | 6. Naturally water-eroded stones smoothed by river currents for seventeenth-century play | 11. Difficult carom shot where the shooter glances off an outside stone to ricochet into the house
2026-12-14,mini,Micro Grid 14,DITCH##/####A##/##W#C##/#SINKER/##D#C##/ICEDUST/####P##,1. Recessed channel situated behind the backboard to collect out-of-play stones | 4. Delivery that unexpectedly loses its rotational curl and drives straight past the target | 5. Microscopic frozen particles scraped up by heavy brushing or hard sliding stops,"2. Recessed indentation cast into the arena concrete floor to receive the hack | 3. Delivery that tracks outside the skip's target broom, often struggling to curl back in time"
2026-12-14,midi,Noon Spark 14,#######L##F/###C#P#A##R/##ALTERNATE/#S#E#T#E##E/#C#A#E#M##Z/#R#N#R#A##E/SIXENDER###/#B#N#E#K###/LEADSWEEPER/#R###I#R###/#####T#####,"5. Fifth player on an elite roster permitted to substitute between ends or games | 7. Massive six-point score registered in a single frame, virtually deciding a contest | 8. The front brush in a tandem pair applying maximum downward force over the stone","1. Visual boundary indicator mounted on side boards to demarcate sheet limits | 2. Mastery shot that draws directly to touch an opponent's rock without displacing it | 3. Frame where both teams execute repetitive peel takeouts to keep the house empty | 4. Pioneering European curling builder, trainer, and international coaching figure | 6. Drafting compass with adjustable marker arms used to outline concentric house circles"
2026-12-14,main,Crucible 14,###LAKEPLACID#H/##C####R####R#E/#HORSEHAIR##A#A/##L####C####W#V/#NOSEHITANDSTAY/##R####I####O#I/RESURFACING#T#C/##E####E####H#E/##L####R####E##/N#E####O####B##/I#C####C####U##/PIT#BACKSCRATCH/P#I#########T##/E#O#PAGEPLAYOFF/R#N#########N##,"1. American host city of the historic 1932 Olympic curling demonstration matches | 6. Natural stiff animal bristle historically utilized on competition brush heads | 7. Striking a target dead-center to absorb all kinetic energy and halt instantly | 8. Complete ice-maintenance sequence involving scraping, flooding, and pebbling | 10. Recessed ice trough behind the hacks designed to catch excess pebble water and melt | 11. Historic sweeping mechanic forbidden in modern play where brooms pulled backward | 12. Championship system giving the top two seeds two opportunities to reach the final","2. Stone thrown by players during pre-game warmup to evaluate curl and surface tempo | 3. Single shootout delivery used to settle hammer advantage before extra ends | 4. Slow, high-friction playing surface requiring extra leg drive from throwers | 5. Choice between red or yellow stone handles awarded to higher-seeded tournament rinks | 9. Blade tool dragged across pebbled ice to shear down sharp tips and level the plane"
2026-12-15,mini,Quick Solve 15,#HEAVE#/#O#####/STICK##/#H#####/HANDLE#/#N#####/#DEUCE#,1. Severe upward buckling of arena floors caused by freezing subterranean ground moisture | 2. Assisted delivery device permitted for recreational play and wheelchair competition | 3. Bolted plastic grip atop a granite stone used by the thrower to impart rotation | 4. Two-point score traditionally viewed as a successful offensive conversion with hammer,1. Colloquial term for a skip or thrower executing nearly one hundred percent of their shots
2026-12-15,midi,The Daily Grid 15,####K##DISH/##C#I#S##P#/#TOECAP##I#/##N#K#I##N#/##C#P#E##N#/#HEELSLIDER/##S#A####R#/##S#T######/##ICERUNNER/##O########/CENTERTICK#,2. Undesirable saucer-shaped low spot where water pools during the initial flooding phase | 6. Protective vulcanized rubber shield coating the front of the trailing slider shoe | 7. Teflon pad mounted specifically beneath the heel of custom sliding footwear | 8. Hardened steel knife edge fitted onto modern scraping sleds to level sheet pebble | 9. Finesse bump shot intended to nudge a center-line guard toward the sidelines,1. Vertical rubber backing against which a thrower braces the rear foot inside the hack | 3. Stone thrown with excessive rotation that fails to curl and tracks straight | 4. Traditional act of offering handshakes when an insurmountable deficit is reached | 5. Colloquial abbreviation for a weekend or multi-day curling tournament
2026-12-15,main,The Masterpiece 15,S##############/A##H#S####B####/TIMEOUTSTRATEGY/E##A#B#T##S####/LEAD#Z#R#WETICE/L##P#E#A##P#C#X/I##R#R#I##E#E#T/T##E#O#G##B#S#R/E##S###H##B#E#A/G##SPLITRELEASE/U##U###E##E#L#N/A##R###N######D/R##E###E#O#####/D###EXTRAFRAME#/#########F#####,"5. Tactical protocol dictating when a skip calls the coach for a consultation | 7. Front-end player tasked with setting initial guards and sweeping six stones per end | 8. Degraded playing surface with standing water pooling on pebble, causing extreme drag | 11. Delivery flaw where the curler extends the arm before the slide foot stabilizes | 13. Alternative terminology for an overtime end required to resolve a tied score",1. Defensive guard placed wide toward the boundary boards outside the four-foot zone | 2. Critical refrigeration pressure metric monitored by arena ice technicians | 3. Brine temperature range circulating beneath the concrete to maintain ice firmness | 4. The foundational layer of coarse frozen droplets providing structural durability | 6. Brushing action executed to reduce curl and preserve a stone's straight track | 9. Micro-thin water spray applied over painted circles to lock colors into place | 10. Overtime period played to break a tied score after regulation ends | 12. Directive shouted to sweepers to instantly cease brushing and step off the line
2026-12-16,mini,Morning Coffee 15,D####C#/RINK#O#/Y####U#/SLICING/H##U#T#/E##R#E#/D##L#R#,"3. Four-person curling squad, or the ice facility in which the match is staged | 4. Delicate throwing mechanic imparting an intentional outward release angle to manipulate curl",1. Rink environment where industrial dehumidifiers maintain optimum low air moisture | 2. Any stone lying within the house that counts toward a team's score at the conclusion of an end | 5. The lateral curved trajectory traveled by a stone as its rotational speed decays
2026-12-16,midi,Midday Break 15,######F###C/T#CURLRATIO/I#####O###M/G#K###S###M/H#E###T###O/T#PEBBLECAN/G#P###I###G/U#P#PIN###R/A#O###E###E/R#N#######E/DUDDINGSTON,4. Mathematical relationship between total forward distance and lateral hook | 6. Handheld copper container used for manual water droplet application in older clubs | 7. Central brass marker or screw hole drilled into the ice at the center of the button | 8. Scottish club whose 1804 published constitution established modern curling laws,1. Thickness threshold measured on outdoor lochs to ensure ice safety for bonspiels | 2. Ailsa Craig granite variety renowned for high structural density in stone bodies | 3. Shielding stone resting only a few feet in front of the counter it protects | 5. Historic Scottish site associated with early outdoor bonspiels and pioneer stones
2026-12-16,main,Weekend Edition 15,#######G##C####/###BUTTON#H#E#P/#######O##U#Y#O/#######S##C#E#S/##TRIPLETAKEOUT/#######N##H#N#G/###STONEINERTIA/#######C##N#H#M/FIVEROCK##D#E#E/#######H##E#H##/######WARMROOM#/#######N##S#G##/###SPEEDDROP###/#######L##N####/BITERCHECK#####,3. The exact four-inch center circle of the house | 6. Spectacular high-velocity shot that successfully removes three opposition rocks | 7. Physical resistance of a forty-pound granite rock to acceleration and directional shifts | 8. Free Guard Zone regulation barring elimination of opposition guards before stone six | 9. Comfortable heated gallery overlooking the refrigerated ice sheets | 10. Rapid deceleration experienced by a curling rock during its final three feet of motion | 11. Official umpire inspection to verify whether a stone overlaps the twelve-foot circle,"1. Vintage arched cast-iron handle found on nineteenth-century Canadian stones | 2. Influential Canadian curling builder, rules administrator, and championship official | 4. Sensor technology detecting illegal releases before the stone crosses the hog line | 5. Team debriefing session analyzing shot percentages and strategic execution"
2026-12-17,mini,Brain Snack 15,####R#L/R#N#U#O/U#A#N#U/N#R#T#N/WARPING/A#O#M#E/Y#W#E##,5. Structural curvature of the concrete arena floor caused by permafrost swelling,1. The total elapsed seconds a thrown stone takes from hack release to complete rest | 2. Clubhouse viewing room where spectators and curlers watch games through glass panels | 3. Pebbled corridor down the sheet continually smoothed by consecutive stone paths | 4. Shot delivered inside the skip's broom line that risks crossing over too early
2026-12-17,midi,Brain Teaser 15,#R######I##/#U##Q###C##/#N#PULLTEST/#N##A###F##/#I##R###R##/END#R##PICK/#G##Y#O#C##/#R##C#F#T##/#A#FORFEIT#/#M##L###O##/SPEEDRUNNER,"4. Technical inspection measuring stone handle resistance and rotational smoothness | 5. Division of play consisting of sixteen delivered stones, eight per team | 6. Disaster shot where a traveling rock encounters ice debris and veers sharply off line | 8. Automatic defeat registered against a squad that fails to ice a legal four-person team | 9. Individual rock in a matched set that consistently glides faster than its mate",1. Elevated ice buildup around hack edges that can deflect a thrower's delivery path | 2. The physical resistance generated between granite running surfaces and ice pebble | 3. Extreme winter freezing conditions historically required to quarry island granite | 7. Directive shouted to sweepers to instantly cease brushing and step off the line
2026-12-17,main,Brain Bender 15,#C###C#TAPBACK#/#H#A#O####A###W/#I#R#A#L##C###E/#P#E#C#A##K#F#I/#ANNAHASSELBORG/#N#A###E##I#A#H/#D#L###R##N#M#T/#L#I##SLIDE#B#O/WING###E####U#F/#E#H###V####M#S/###T###E#SKIP#T/###I###L####E#O/##ONEPOINT##R#N/###G###N######E/#######G#######,3. Delicate bump shot that nudges an opponent's rock deeper into the rings | 9. Swedish skip who commanded the women's tournament to win 2018 Olympic gold | 10. Forward glide out of the hack that establishes the stone's initial velocity | 11. Portion of the sheet situated outward near either boundary beyond the four-foot line | 12. Team strategist who calls shots from the house and traditionally throws fourth | 13. The baseline score awarded when a single stone beats all opposing rocks in the house,"1. Clipping the outer edge of a target stone to settle into counting position | 2. Bench tactician permitted to consult with players during designated timeouts | 4. Boundary line behind the house across which a stone is completely removed from play | 5. High-bay LED system engineered to illuminate pebble evenly without warm spots | 6. Engraved mass metric stamped into stone handles, standard between 38 and 44 pounds | 7. Modern maintenance procedure ensuring the concrete ice floor is flat to millimeter grade | 8. Protective padding lining the side ditch to absorb rebounding out-of-play stones"
2026-12-18,mini,Commuter Special 15,##C##B#/R#A##A#/I#R##C#/N#V##K#/GRIPPER/##N##N#/HOGGED#,4. Rubber slip-on cover protecting the sliding sole when moving across the ice between shots | 5. Violation called when a delivered rock fails to completely clear the far hog line,1. Advanced sweeping technique orienting brush angles to actively steer stone curl | 2. Collective term for the third and skip who dictate strategy and play final stones | 3. Any of the three circular boundaries that establish scoring territory in the house
2026-12-18,midi,Perfect Puzzler 15,##T#K######/GREENHONEY#/##X#O####E#/##T#X####S#/DRIFTBIAS##/##L#R####R#/##E#OFF##I#/##L#P##W#N#/#SOCHIRINKS/##G#Y##D###/##O####E###,3. Ailsa Craig granite variant predominantly utilized for stone body inserts due to durability | 5. Persistent arena slope causing stones to drift laterally toward one sideline | 7. Directive shouted to sweepers to instantly cease brushing and step off the line | 9. The Ice Cube venue constructed along the Black Sea for the 2014 Olympic Games,"1. Porous fabric emblem frozen between ice coats to display corporate event sponsors | 2. Historic Scottish award presented for regional outdoor club competitions | 4. Sweeping call confirming the rock is light and requires active brushing to carry | 6. Four-person curling squad, or the ice facility in which the match is staged | 8. Delivery that tracks outside the skip's target broom, often struggling to curl back in time"
2026-12-18,main,The Grand Grid 15,SECOND#D#######/L###I##U#######/I###P##A#######/C#E#P##L#C#####/INICEDISPLAY###/N#G#R##W#E#####/G#H####E#A#####/##T####E#N#LSD#/##E####P#R##H##/PANCONTINENTAL#/O#D####N#L##V##/C#E##ANGLERAISE/K#R####B#A##N##/E######A#S##G##/T##SIXENDER####,"1. Rink member who delivers the team's third and fourth stones of an end | 6. Digital electronic display panel frozen beneath the ice surface for spectator score data | 7. Common tournament abbreviation for the Last Stone Draw shootout preceding each draw | 9. Championship event serving as World Championship qualification for non-European nations | 10. Shot striking a guard obliquely to promote it into the house along an angled path | 11. Massive six-point score registered in a single frame, virtually deciding a contest",1. Delicate throwing mechanic imparting an intentional outward release angle to manipulate curl | 2. Blade tool dragged across pebbled ice to shear down sharp tips and level the running plane | 3. International rule restriction prohibiting rinks from sweeping opponent rocks behind the tee | 4. Curling equivalent of a perfect game where a team scores every rock in an end | 5. Flawless disengagement of the hand from the handle without imparting torque | 8. Fine sliver of ice sheared from pebble peaks by the scraper knife during grooming | 9. Protected scoring zone nestled directly behind an established pair of guards
2026-12-19,mini,Fast Five 15,PIT####/U##S###/SHUTOUT/H##E###/O##A###/U#SLIDE/T######,1. Recessed ice trough behind the hacks designed to catch excess pebble water and melt | 3. Winning a curling contest without permitting the opposing rink to score a single point | 4. Forward glide out of the hack that establishes the stone's initial velocity,1. Delivery flaw where the curler shoves the handle away from the body's center line | 2. Scoring one or more points in an end when not holding last-stone advantage
2026-12-19,midi,Coffee Break 15,I#ARROWPATH/N######O##I/SITTINGSHOT/I######T##A/D######C##N/E#R####O##D/TOUCHLINE#S/R#N####T##T/A#N####A##A/C#E##TICK#Y/K#R####T###,2. Theoretical dead-straight vector traveled by a completely unspun delivered stone | 5. Holding the stone positioned closest to the button at any point during an end | 7. Boundary line separating the legal ice playing area from the side ditches | 8. Finesse shot grazing a center guard to the side without clearing it from play,1. Delivery lane running tight along the center corridor of the playing sheet | 3. Path traversed by a thrown rock after glancing off a target rock | 4. Takeout delivery that completely eliminates the target stone while remaining in place | 6. High-velocity stone thrown to punch cleanly through guards and blast targets away
2026-12-19,main,Heavy Hitter 15,#M#P##BLANK##T#/#I#A##R####B#E#/#X#T##O####R#E#/DEUCE#O####O#T#/#D#H##M#T##O#O#/#D####H#O##M#T#/HOTWATERPEBBLE#/#U####A#P##A#E#/#B##END#E##L###/#L####F#B##A###/#E####A#B##N###/#S####B#L##C###/####CARSEBRECK#/######I########/#UNCHECKEDSTONE,"3. Scoreless frame intentionally played to retain last-stone advantage for the next end | 6. Two-point score traditionally viewed as a successful offensive conversion with hammer | 8. Droplets applied near boiling temperatures yielding dense, shatter-resistant ice beads | 9. Curling equivalent of an inning, consisting of sixteen stones delivered alternately | 10. Historic Scottish loch site developed with a private rail halt for national bonspiels | 11. Rock allowed to glide freely down the sheet without any sweeping assistance","1. Olympic discipline featuring two-player teams and pre-placed stationary stones | 2. Embroidered fabric crest sewn onto competition jackets celebrating tournament appearances | 3. Standardized woven material subjected to strict World Curling friction regulations | 4. Speed measurement timed between the delivery tee line and the distant receiving tee line | 5. Using the brush shaft as a sliding crutch to stabilize the torso during delivery | 7. The upper, smaller layer of frozen water beads sprayed directly over coarse base pebble"
2026-12-20,mini,Bite-Sized 15,##D#RUB/##E#O##/PEBBLE#/##R#L##/##INOFF/##S#U##/####T##,"2. Gentle, incidental deflection off a stationary rock that barely changes the shooter's line | 3. Water droplets sprayed onto the sheet that freeze into textured bumps | 4. Difficult carom shot where the shooter glances off an outside stone to ricochet into the house",1. Stray brush hairs or dirt on the sheet that pose a hazard for moving stones | 2. Takeout shot that strikes the target rock and caroms completely out of the playing area
2026-12-20,midi,The Interlock 15,###HACKLINE/######I####/###A##L####/###N##STICK/###G##Y##R#/###L##T##O#/EDGEOFHOUSE/###W##C##S#/##PIN#L##I#/###C##U##C#/JUNK##BRIER,"1. Transverse line embedded in the ice upon which the delivery footholds are centered | 4. Assisted delivery device permitted for recreational play and wheelchair competition | 6. The outermost painted boundary circumference of the twelve-foot scoring ring | 7. Central brass marker or screw hole drilled into the ice at the center of the button | 8. On-ice slang for a congested end packed with corner guards, biters, and frozen rocks | 9. Annual Canadian men's championship whose winner hoists the silver Tankard",2. Scottish curling society claiming documented continuous organization since 1716 | 3. Oblique carom delivery glancing off a stationary rock to slide into the house | 5. Sweeping angle oriented perpendicular to rock travel to maximize pebble contact
2026-12-20,main,The Omnibus 15,#F##O##N#######/TOPOFTHEHOUSE##/#U##F##G###L###/#L#####A###I#W#/#L#####T###D#I#/#I#####I###I#L#/#NEGATIVEHANDLE/#E##L##E###G#I#/##WATERPURIFIER/##I#E##U###O#C#/##N#R##L###O#A#/##G#N##L###T#R#/####A######T#S#/####T######O#O#/#VICESKIP##E#N#,"4. The upper hemisphere of the scoring rings situated in front of the tee line | 7. Delivery mistake where rotation reverses, causing the rock to drop off its line | 9. Deionization filtration unit removing dissolved minerals to produce durable pebble | 10. Teammate who directs the skip's shots and holds measuring responsibilities",1. Informal or archaic term for the transverse line marking the delivery release limit | 2. Directive shouted to sweepers to instantly cease brushing and step off the line | 3. Aerodynamic vacuum hypothesized to influence lightweight brush heads during high-speed strokes | 5. The tip of the slider shoe that throwers align directly down the broom line | 6. Historic stone manufacturer whose Scottish workshop standardized granite shapes | 8. Fifth player on an elite roster permitted to substitute between ends or games | 9. Portion of the sheet situated outward near either boundary beyond the four-foot line
2026-12-21,mini,Micro Grid 15,KICKOFF/##L##A#/P#U##S#/O#B##T#/R#I#LIP/TICK#C#/##E##E#,1. The explosive initial drive of the hack foot that powers the delivery slide | 5. Raised ridge or imperceptible contour variation in the ice surface that alters rock travel | 6. Finesse shot that grazes a center guard toward the wing without removing it from play,"2. Dedicated permanent sheet ice maintained for seasonal league play by community clubs | 3. Condition where stones glide exceptionally far with minimal effort, requiring less push | 4. Narrow corridor between two stationary stones through which a delivered rock must pass"
2026-12-21,midi,Noon Spark 15,###THIRD###/####A##R###/##HACK#Y#F#/####K##P#I#/####S##E#V#/FINEPEBBLE#/####A##B#E#/LINECALLING/####I##E#D#/####N####E#/##HIGHGUARD,"1. Rink position delivering rocks five and six, traditionally holding vice-skip duties | 4. Rubber-lined foothold embedded in the ice used to push off during delivery | 6. Water droplet application using tiny spray to maximize rock running speed | 7. Vocal instructions barked by the skip directing sweepers to hold or steer line | 8. Shielding stone positioned just past the hog line, far in front of the house","2. Regulated distance between the left-handed and right-handed rubber footholds | 3. Pebble droplets frozen without bonding firmly to base ice, leading to chipping | 5. Rare five-point explosion that nearly insurmountable damage inflicts on opponents"
2026-12-21,main,Crucible 15,#WATERPURIFIER#/S#R####N#######/L#MULTIPLE##H##/I#O####R####E##/CORNBROOMSTRAW#/I#E####T####V##/N#DROPLETSPREAD/G#C####C#O#####/##A##W#T#U#####/##B##I#E#R#####/BALANCEDRILL###/##E##K#R#C#####/#######O#E#####/#######C#######/#######K#######,1. Deionization filtration unit removing dissolved minerals to produce durable pebble | 5. Substantial score of three or more points registered in a single frame | 7. Sorghum plant fibers tightly stitched together to create vintage curling brooms | 8. Radial dispersion pattern of water beads discharged from a handheld pebbler | 11. Training exercise requiring curlers to slide down ice with hands held behind backs,"2. Heavy-duty wire conduit protecting sub-slab temperature sensors under ice pads | 3. Counting stone sitting exposed in the house without any guards shielding it | 4. Delicate throwing mechanic imparting an intentional outward release angle to manipulate curl | 6. Severe upward buckling of arena floors caused by freezing subterranean ground moisture | 9. On-ice slang for soft, degraded surface conditions late in a marathon tournament | 10. Glancing deflection off a stationary rock used to angle the shooter into position"
2026-12-22,mini,Quick Solve 16,####T#B/####I#U/#HAMMER/####E#N/TOECOAT/####U##/TAKETWO,3. Advantage held by the team delivering the final stone of an end | 4. Durable polyurethane layer painted over the trailing shoe to reduce sliding drag | 5. Tactical decision with hammer to settle for a pair of points rather than forcing a blank,1. Sixty-second tactical pause requested by a rink to confer with their coach | 2. Infraction called when a player or equipment makes accidental contact with a stone in motion
2026-12-22,midi,The Daily Grid 16,####DITCH##/#O#V###O###/RUNAWAYROCK/#T#L###N###/#T#S###E###/#U#W###R###/#R#E###B###/#N#E#BRIER#/#H#P###T###/WIDE#TOECAP/#T#R###R###,"1. Recessed channel situated behind the backboard to collect out-of-play stones | 5. Stone thrown with excessive momentum that threatens to hit the backboards | 6. Annual Canadian men's championship awarding the silver Tankard | 7. Delivery that tracks outside the skip's target broom, often struggling to curl back in time | 8. Protective vulcanized rubber shield coating the front of the trailing slider shoe",2. Stone that just barely touches the outer twelve-foot circle at a four-o'clock or eight-o'clock angle | 3. Counterclockwise rotation applied to a takeout delivery to remove an opponent's stone | 4. Slang term for a team's primary power sweeper assigned to carry rocks distance
2026-12-22,main,The Masterpiece 16,##S##KICKOFF###/##T####E####T##/##O##HANDLE#O#N/##PIN##T####R#O/##W##K#R####G#T/D#A##E#E####E#I/INTERVALTIMER#C/V#C##I#I####N#K/O#H##N#N##L#E#R/T#T##K#E##O#R#U/##I##O####W#G#L/COMPRESSORSTAGE/##I#######I#A##/##N#######D#R##/EIGHTFOOT#E#D##,2. The explosive initial drive of the hack foot that powers the delivery slide | 5. Bolted plastic grip atop a granite stone used by the thrower to impart rotation | 7. Central brass marker or screw hole drilled into the ice at the center of the button | 10. Stopwatch device calculating stone velocity based on hog-to-hog transit seconds | 12. Operating cycle of the arena refrigeration plant regulating ice cooling | 13. Intermediate concentric scoring ring situated between the four-foot and twelve-foot circles,1. Interval timing using split stopwatches to assess rock speed and distance | 3. Longitudinal axis bisecting the sheet from hack to backboard across both houses | 4. Norwegian curling stalwart who competed across six Olympic Winter Games | 6. Modern regulation prohibiting displacement of center-line guards touching the FGZ | 8. Four-time Brier champion skip celebrated for remarkable last-rock clutch shotmaking | 9. Gouge in the sheet surface caused by an accidental stone drop or equipment strike | 11. The downhill side of a sloped sheet where moving stones slide away and fall off line
2026-12-23,mini,Morning Coffee 16,#####R#/ROLLOUT/I####N#/N####B#/KNEEPAD/#####C#/#STICK#,2. Takeout shot that strikes the target rock and caroms completely out of the playing area | 3. Cushioned guard strapped to the trailing knee by curlers who slide low to the ice | 4. Assisted delivery device permitted for recreational play and wheelchair competition,"1. Takeout executed by driving a guard rock back into a stone resting in the house | 2. Four-person curling squad, or the ice facility in which the match is staged"
2026-12-23,midi,Midday Break 16,####B#R####/##B#I#U#C##/BURNT#S#R#D/##A#E#S#O#E/LSD#R#H#W#L/##J###O#N#I/#NARROW#T#V/T#C###A#R#E/A#O###R#A#R/PEBBLEDECAY/##S#####K##,5. Infraction called when a player or broom makes contact with a moving stone | 7. Common tournament abbreviation for the Last Stone Draw shootout preceding each draw | 8. Shot delivered inside the skip's broom line that risks crossing over too early | 10. Progressive erosion of frozen pebble crowns under the passage of heavy stones,1. Stone barely overlapping the outermost edge of the twelve-foot circle | 2. Hall of Fame skip widely recognized for creating the Free Guard Zone concept | 3. Northern Ontario skip who powered his squad to 2014 Olympic gold in Sochi | 4. Line tracking the apex ridge of a sheet where lateral curl is amplified | 6. The complete biomechanical motion of sliding and releasing a stone from the hack | 9. Soft-weight delivery aimed to bump a stationary rock back by only a few inches
2026-12-23,main,Weekend Edition 16,SINGLESWEEPER##/############U##/##SCOTTIES##N##/C##O####I###N##/O##N####G#P#I##/R##C####H#E#N##/N##A##HITWEIGHT/E##V####E#L#C##/R##E####N###O##/BACKBOARDBOUNCE/U##N####M###T##/R##I#SHEARPLANE/I##F####T###C##/E##E####C###T##/D###COACH######,1. Sweeping formation standard in mixed doubles where one athlete manages the moving rock | 3. Canadian women's national championship sponsored by Kruger Products | 8. General classification for deliveries thrown faster than draw speed to make contact | 9. Stone rebound off rear cushions that results in an immediate dead-ball ruling | 10. Microscopic friction layer between pebble crowns and the moving stone base | 11. Bench tactician permitted to consult with players during designated timeouts,2. Microscopic interface where polished granite makes contact with frozen pebble beads | 4. Scraper blade ground with a bowed edge designed to shape a subtle crown down the ice | 5. Standard tournament game duration standard across Grand Slam events and mixed doubles | 6. Scoring rock nestled in the outer wing fully protected by corner guards | 7. High-velocity strike engineered to remove a guard while removing the shooter itself
2026-12-24,mini,Brain Snack 16,#M##W#L/#E##A#O/#A##R#U/#S##M#N/CUPPING/#R##C#E/HEAVE##,4. Concave underside design of a stone that leaves only an annular ring touching the ice | 5. Severe upward buckling of arena floors caused by freezing subterranean ground moisture,1. Precision brass gauge rotated from the pin to determine shot rock | 2. Surface running close to freezing temperature that softens pebble and slows rock glide | 3. Clubhouse viewing room where spectators and curlers watch games through glass panels
2026-12-24,midi,Brain Teaser 16,##SLIDERPOD/#P#O#######/#E#C###H###/#B#H##HACK#/#B#L###C##F/#L#E###K##R/HEAVYPEBBLE/###E###O##E/#PINEROLO#Z/#######T##E/###########,1. Interchangeable circular Teflon puck attached to custom curling shoe soles | 5. Foothold embedded into the ice from which deliveries are launched | 7. Water droplet application using coarse spray to construct durable base pebble | 8. Italian alpine town that hosted the 2006 Olympic curling tournaments,2. Historic Scottish body of water famous for hosting open-air Grand Matches | 3. Droplets of water sprayed onto the ice sheet that freeze into rounded nubs | 4. Heavy-duty anchor bolt securing the rubber hack assembly into the concrete slab | 6. Precision touch shot that comes to rest nestled flush against an opponent's stone
2026-12-24,main,Brain Bender 16,######F########/#####RAISE#####/DISH##B#W###L##/###A##R#E###O##/#I#C##I#E###C##/#C#K##C#P###H##/#E#P##T#I###B##/#DOUBLEKNOCKOUT/#A#S##X#G###U##/#M#H##T#S###L##/#P####U#T#S#D##/LEATHERGRIPPER#/#N####E#I#L#R##/#E######D#I####/DRIFT###E#T####,2. Shot that bumps a teammate's rock forward along its path closer to the button | 4. Undesirable saucer-shaped low spot where water pools during the initial flooding phase | 8. Championship draw system permitting one loss before dropping to the B-event | 10. Vintage non-sliding sole fabricated from textured deerskin or crepe rubber | 11. Unintended lateral displacement of a stone caused by minor sloping in the ice floor,1. Standardized broomhead weave certified under World Curling equipment regulations | 3. Coordinated side-stepping footwork maintained by sweepers alongside a moving stone | 5. Explosive leg extension against the rubber foothold that powers the entire slide | 6. Historic unshaped natural rock fitted with bored finger holes for pond curling | 7. Acoustic arena panel absorbing loud echoes of skip calls and granite collisions | 9. Shot that hits a stationary stone to nudge both rocks into scoring positions
2026-12-25,mini,Commuter Special 16,O#T##C#/U#A##L#/TAKEOUT/T#E##T#/U#T##T#/R#WIDE#/N#O##R#,"4. Heavy-weight delivery intended to remove an opponent's rock from play | 5. Delivery that tracks outside the skip's target broom, often struggling to curl back in time",1. Counterclockwise rotation imparted on a stone by a right-handed thrower | 2. Tactical decision with hammer to settle for a pair of points rather than forcing a blank | 3. Tactical condition featuring numerous stones congested in and around the house
2026-12-25,midi,Perfect Puzzler 16,##S#CHILLER/##P#####U##/#BLUECIRCLE/##I#####K##/OUTOFPLAY##/##T#####B##/#HITANDROLL/##M#####U##/#LIP####N##/##N##PATCH#/##G#####E##,2. Industrial compressor refrigeration unit circulating sub-zero brine underneath the floor | 4. The outermost twelve-foot circle painted blue in classic international houses | 5. Official designation for a stone that crosses the back line or contacts the side boundary | 6. Shot that strikes a target stone and caroms across the sheet behind cover | 7. Raised ridge or imperceptible contour variation in the ice surface that alters rock travel | 8. Embroidered fabric crest sewn onto competition jackets celebrating tournament appearances,1. Stopwatch technique measuring interval velocity between back line and hog line | 3. Fortuitous carom off an opponent's stone resulting in an unexpected counter
2026-12-25,main,The Grand Grid 16,ICERUNNER######/C#########D####/E###H#####I####/SLIDERMATERIAL#/C###A#####E####/ROTATIONALCOUNT/A###R#####T####/P##PEBBLESIZE##/I###C#####O###W/N###O#####N###I/G##OVERROTATION/S###E#####L###G/#T##R##########/FANCYPANTS#####/#P#############,1. Hardened steel knife edge fitted onto modern scraping sleds to level sheet pebble | 4. Dense fluoropolymer plastic like Teflon chosen for high glide efficiency | 5. The total number of rotations a delivered rock completes over its run | 6. Diameter of applied water droplets calibrated to regulate rock travel speed and curl | 8. Throwing error imparting excessive spin that suppresses the rock's curl | 10. Media moniker for the flamboyant diamond-print trousers sported by Team Norway,1. Fine powdered frost piled along perimeter walls after nipping and scraping | 2. Modern sweeping technique utilizing specific broomhead angles to manipulate curl | 3. HVAC engineering system capturing compressor heat to warm viewing galleries | 7. Portion of the sheet situated outward near either boundary beyond the four-foot line | 9. Soft-weight delivery aimed to bump a stationary rock back by only a few inches
2026-12-26,mini,Fast Five 16,####S#H/#B##P#O/BURLING/#T##E#L/STEAL#I/#O####N/#N####E,4. Archaic Scottish term for tossing and swirling rough natural stones over lochs | 5. Scoring points in an end when not in possession of the hammer,1. Colloquial abbreviation for a weekend or multi-day curling tournament | 2. Transverse boundary stone must cleanly clear without stopping to stay in play | 3. The exact central bull's-eye of the house
2026-12-26,midi,Coffee Break 16,#R####R##P#/BONSPIELPIN/#L####A##T#/#L##H#R#B##/CORNERSPLIT/#U##E#W#A##/#T##L#E#N##/####L#E#K##/###PINPOINT/####F#E#N##/####T#R#G##,4. Commemorative enamel souvenir traded between competing curlers at weekend bonspiels | 7. Tactical play directing stones into opposite wings to split the opponent's focus | 8. Survey mark drilled into the base floor denoting the dead center of the house rings,1. Takeout shot that strikes the target rock and caroms completely out of the playing area | 2. The secondary brush in a tandem pair who clears loosened pebble and polishes path | 3. Recessed ice trough behind the hacks designed to catch excess pebble water and melt | 5. Biomechanical elevation of the trailing shoe's heel to prevent braking drag | 6. Deliberately throwing through the rings with hammer to maintain last-stone advantage
2026-12-26,main,Heavy Hitter 16,########M##T##W/##C#####A##R##H/#FOURFOOT##E##I/T#M#####C##M##N/A#MENWITHBROOMS/K#I#####U##L##T/E#T#####M##I##O/T#T#####P##T##N/WHEELCHAIRWEDGE/O#D#####R##F###/##SKIPSWEEPING#/##T####H###B###/#HOUSE#O###E###/##N####A###R###/##E#####ICESEAL,"5. Four-foot-diameter ring painted directly around the button | 7. Canadian comedy film starring Paul Gross celebrating curling culture and small-town rinks | 8. Mechanical ice device placed behind the wheel to anchor a chair during stick delivery | 9. Tactical scenario where the skip assists sweeping behind the receiving tee line | 11. The target area defined by concentric four-, eight-, and twelve-foot rings | 12. Micro-thin water spray applied over painted circles to lock colors into place","1. Tournament official assigned to monitor sheet etiquette, time rules, and conduct | 2. Silicate amphibole fibers naturally present in microscopic veins of historic granites | 3. Dark, dense basaltic river boulders gathered for primitive Scottish curling | 4. Rock that has officially crossed the delivery hog line and is active in play | 6. Tactical decision with hammer to settle for a pair of points rather than forcing a blank | 10. Instruction to stop brushing and allow natural friction to curve the moving rock"
2026-12-27,mini,Bite-Sized 16,PUSHOUT/I#H####/CHATTER/K#V####/##I####/RUNTIME/##G####,1. Delivery flaw where the curler shoves the handle away from the body's center line | 3. Rapid micro-vibration audible when a stone encounters rough pebble or frost | 4. The total elapsed seconds a thrown stone takes from hack release to complete rest,1. Disaster shot where a traveling rock encounters ice debris and veers sharply off line | 2. Fine sliver of ice sheared from pebble peaks by the scraper knife during grooming
2026-12-27,midi,The Interlock 16,###C#A#####/#P#E#I###B#/#RINKRECORD/#O#T#D###U#/#M#E#E###S#/BOARDWEIGHT/#T#G#P###A#/#I#U#O#PIN#/#O#A#I###G#/#N#R#N###L#/###D#T#PEEL,5. Cumulative win-loss ledger posted by a curling team across tournament draws | 6. Takeout thrown with momentum calibrated to bump softly against the rear bumpers | 7. Central brass marker or screw hole drilled into the ice at the center of the button | 8. Delivery thrown with heavy force designed to eliminate both a guard and the shooter itself,1. Rock placed on the mid-line between hog and tee lines to anchor defensive ends | 2. Critical arena atmospheric metric managed by technicians to eliminate frost formation | 3. Advancing a teammate's rock closer to the center by striking it from behind | 4. Orientation of the broom head relative to stone travel used to steer curl
2026-12-27,main,The Omnibus 16,########D######/########R#C####/######P#A#A####/#HANDLESWITCH#R/######B###C###O/##E###B###H###A/G#DOUBLEGRIPPER/R#G###E###N#O#I/A#E###R###G#I#N/N#P###E###A#N#G/D#O###S###N#T#G/SPLITCIRCLES##A/L#I###D###D###M/A#S###U#HOGLINE/M#HAMMER##E####,"4. Internal sensor circuit detecting when a curler's fingers grip the handle | 8. Wearing non-slide rubber overshoes on both feet, typical for umpires and coaches | 10. Spreading counting rocks across both outer margins of the twelve-foot circle | 11. Transverse threshold a delivered stone must cleanly cross to stay legally in play | 12. Advantage of throwing the sixteenth and final stone of an end",1. Touch shot delivered to come to rest inside the house without striking another stone | 2. Dangerous occurrence where a stone tips onto its rim after encountering a deep rut | 3. Powdered ice crystals generated around the stone's running edge from friction | 5. Centuries-old Scottish nickname for curling inspired by stone friction on pebble | 6. Specific microscopic smoothing applied to the stone's running band to restore factory curl | 7. Elite televised tournament series contested annually by the world's top teams | 9. Basic scoring unit awarded for each counter closer to the pin than any opposing rock
2026-12-28,mini,Micro Grid 16,SOURICE/C######/R#Y#G##/ICEDUST/B#S#A##/E###R##/R###D##,"1. On-ice slang for soft, degraded surface conditions late in a marathon tournament | 4. Microscopic frozen particles scraped up by heavy brushing or hard sliding stops",1. Drafting compass with adjustable marker arms used to outline concentric house circles | 2. Sweeping call confirming the rock is light and requires active brushing to carry | 3. Rock deliberately positioned between the hog line and house to shield a scoring path
2026-12-28,midi,Noon Spark 16,#C#########/CORNBROOM##/#M######I##/#M###TICK##/COACH###E##/#N######M##/#G##S###C##/BRUSHSLEEVE/#E##E###W##/#E#WETICE##/#N##T###N##,"2. Vintage straw sweeper swung with a slapping motion across unsealed club ice | 4. Delicate carom shot that displaces a center guard toward the wings without knocking it out | 5. Bench tactician permitted to consult with players during designated timeouts | 7. Replaceable nylon casing enclosing the foam core on approved brush heads | 8. Degraded playing surface with standing water pooling on pebble, causing extreme drag",1. Ailsa Craig granite variety renowned for high structural density in stone bodies | 3. Elite Canadian skip admired across the sport for an exceptionally textbook delivery slide | 6. The complete boundary-to-boundary ice corridor on which a match is contested
2026-12-28,main,Crucible 16,###O###K##R####/###U###E##I####/MELTINGRUNNER#H/A##S###R##K#I#A/T##I#SPIEL##N#M/T##D###E####K#M/D#LEVELINGBLADE/U##T###N####T#R/N##R###A####T#T/STEALTHREE##E#R/T##C###S####N#A/O##K###O####D#C/N######N##BLANK/E###########N#E/############T#R,4. Microscopic phenomenon where friction temporarily liquefies ice crystal tips under the stone's base | 7. Colloquial abbreviation for a weekend or multi-day curling tournament | 8. Precision-ground steel cutting edge used to plane high spots across the ice sheet | 9. A devastating three-point defensive theft that cripples the opponent's momentum | 10. Scoreless frame intentionally played to retain the last-stone advantage into the next end,"1. Delivery lane tracking along the outer wings near the boundary sideboards | 2. Manitoba skip who led her squad to four consecutive Scotties titles starting in 2020 | 3. Four-person curling squad, or the ice facility in which the match is staged | 4. Canadian skip celebrated for dynamic shotmaking and aggressive offensive strategy | 5. Club employee responsible for emptying rock troughs and maintaining walkways | 6. Scoreboard indicator or digital graphic designating which rink holds last stone"
2026-12-29,mini,Quick Solve 17,##B##S#/#YES#P#/##E##I#/CARVING/##J##N#/#RUNNER/##G##R#,3. Sweeping call confirming the rock is light and requires active brushing to carry | 4. Advanced sweeping technique orienting brush angles to actively steer stone curl | 5. High-velocity stone thrown to punch cleanly through guards and blast targets away,1. Pitcher of ale traditionally purchased by the winning rink during post-game broomstacking | 2. Stone thrown with excessive rotation that fails to curl and tracks straight
2026-12-29,midi,The Daily Grid 17,#C#D#W#####/#O#R#I#P###/CUPARCLUB##/#N#W#K#R#S#/#T#####G#H#/HEADERPIPE#/#R#####N#E#/####WING#T#/#######A###/#######I###/TARGETDRILL,5. Historic eastern Scottish curling society holding documented bonspiels in the 1700s | 7. Primary manifold pipeline distributing chilled refrigerant beneath the concrete slab | 8. Portion of the sheet situated outward near either boundary beyond the four-foot line | 9. Practice drill placing plastic tokens on the sheet to master pinpoint weight control,1. Any stone lying within the house that counts toward a team's score at the conclusion of an end | 2. Shot delivered with just enough momentum to settle in the house without striking another stone | 3. Glancing deflection off a stationary rock used to angle the shooter into position | 4. Maintenance procedure bleeding trapped air bubbles out of sub-floor cooling tubes | 6. The complete rectangular strip of prepared ice between hack and backboard
2026-12-29,main,The Masterpiece 17,#B#C#########K#/#I#LOUDPANTS#A#/#T#I#######H#T#/TEAMPERCENTAGE#/#R#B#######R#C#/#S#INICEDISPLAY/#B#N#####C#E#I#/#A#G#####E#N#T#/#RETAINEDWEIGHT/###R#####A#N#N#/###A#####R#G#E#/#PICK####P#J#S#/###K#####I#I#S#/#########N#G###/##TEETOHOG#####,4. Colorful argyle and geometric trousers popularized by the Norwegian men's team in 2010 | 6. Aggregate performance score calculated from all sixty-four stones thrown by a rink | 7. Digital electronic display panel frozen beneath the ice surface for spectator score data | 9. Residual kinetic energy remaining in a stone as it completes its final rotation | 10. Disaster shot where a traveling rock encounters ice debris and veers sharply off line | 11. Speed metric timed during rock deceleration across the center sheet,1. Mechanical measuring wand pivoted around the twelve-foot circle to check margins | 2. Path where moving stones must curl uphill against the natural slope of the ice | 3. Scottish administrator who served as first female president of World Curling | 5. Mechanical clamp holding ice scraper blades at precise angles during honing | 8. Uneven expansion or contraction of concrete sub-floors that distorts ice level
2026-12-30,mini,Morning Coffee 17,F###H##/O###A##/RUB#C##/F##SKIP/E#T###I/I#A###C/TAPBACK,"3. Gentle, incidental deflection off a stationary rock that barely changes the shooter's line | 4. Rink captain who directs strategy from the house and usually plays fourth stones | 7. Delicate bump shot that nudges an opponent's rock deeper into the rings",1. Automatic defeat registered against a squad that fails to ice a legal four-person team | 2. Foot-hold embedded into the ice from which deliveries are launched | 5. Disaster shot where a traveling rock encounters ice debris and veers sharply off line | 6. Soft-weight delivery aimed to bump a stationary rock back by only a few inches
2026-12-30,midi,Midday Break 17,###T####C##/###I#I##U##/FOAMINSERT#/#N#I#O##L#W/#E#N#F##I#E/#P#G#F##N#I/#O#B####G#G/SIXENDMATCH/#N#N####A#T/#T#C####P##/##THIRTEEN#,4. High-density foam pad seated inside the brush head to cushion sweep impact | 7. Accelerated game format utilized in wheelchair leagues and youth developmental events | 8. Maximum theoretical stones that can remain in play before delivery number fourteen,1. Elevated workstation stationed behind the backboards for game timekeepers | 2. Specialized low-friction adhesive applied to shoe soles before commercial sliders became universal | 3. Difficult carom shot where the shooter glances off an outside stone to ricochet into the house | 5. The baseline score awarded when a single stone beats all opposing rocks in the house | 6. Speed and forward force imparted to a stone during the slide and release
2026-12-30,main,Weekend Edition 17,#########A#####/#D##O####M#####/#R##S#THUMBREST/#I##K####O#####/#FINALSTONE#R#S/#T##R####I##E#K/#M##E#R##A##P#I/#E##R#I##S##L#P/STATIONARYCHAIR/#E##K#K##S##C#O/#R##S####T##E#C/####S####E##M#K/#GROOMINGMOWER#/####N#######N##/############T##,"4. Ergonomic groove molded into modern handles providing consistent grip placement | 5. The sixteenth and climactic delivery of an end, frequently deciding game outcomes | 9. Wheelchair curling mandate prohibiting momentum from the wheels during delivery | 10. Motorized ice machine equipped with revolving blades to trim pebble crowns","1. Heavy-duty industrial refrigeration infrastructure utilized in large arena plants | 2. Precision level or laser tool utilized by ice technicians to verify floor levelness | 3. Swedish third who became the first curler to medal in two disciplines at one Olympics | 6. Restoration of displaced stones to their original locations following an infraction | 7. Either of the final two decisive stones delivered by a rink to conclude an end | 8. Four-person curling squad, or the ice facility in which the match is staged"
2026-12-31,mini,Brain Snack 17,####K##/SUBZERO/E###E##/CHANNEL/O###I##/N###C##/DEUCE##,2. Brine temperature range circulating beneath the concrete to maintain ice firmness | 3. Groove gradually worn into pebble by repeated stones tracking the identical path | 4. Two-point score traditionally viewed as a successful offensive conversion with hammer,1. Low-friction surface conditions where stones glide effortlessly with minimal push | 2. Rink member who delivers the team's third and fourth stones of an end
2026-12-31,midi,Brain Teaser 17,##N#######T/#CALCUTTA#E/##T####A##A/#MULTIPLE#M/##R####L##C/SLASH##G##A/##L####U##N/DRIFTBIAS#A/##C####R##D/#PEBBLEDURA/###########,3. Social auction held prior to a bonspiel where participants bid on favored rinks | 5. Substantial score of three or more points registered in a single frame | 6. High-velocity takeout aimed across an angle to eliminate two stones separated laterally | 7. Persistent arena slope causing stones to drift laterally toward one sideline | 8. Engineering metric assessing the compression hardness of frozen water droplets,1. Unrefrigerated sheet frozen outdoors on ponds or inside unheated timber sheds | 2. Defending national champion squad awarded automatic qualification to the Brier or Scotties | 4. Guard stopping near the hog line that provides a broad protective shadow
2026-12-31,main,Brain Bender 17,##########P####/REDROCKS##O####/##U#####T#C####/##A#####R#K#C##/##L#F###E#E#O##/PEBBLECHATTER##/O#R#I#A#S#D#N##/S#O#P#R#O#RUB##/T#O#R#S#N#A#R##/G#M#E#E#S#W#O##/A#I#L#B#T###O##/M#N#E#R#O###M##/ENGRAVEDNUMBER#/####S#C#E###R##/####E#K#####A##,"2. One of two primary stone handle colors designated for official competition play | 7. Acoustic vibration produced by a stone traveling across coarse, uneven pebble | 9. Gentle, incidental deflection off a stationary rock that barely changes the shooter's line | 10. Numeral from one through eight etched onto handles to track stone matching","1. Finesse delivery threaded between guards into a concealed, sheltered scoring pocket | 3. Tandem sweeping technique where both sweepers work in close synchronization | 4. Rogue shot that accidentally advances an opponent's rock into counting position | 5. Historical period characterized by stiff broomcorn heads that scattered straw debris | 6. Delivery fault where an erratic wrist twitch flips the stone off its intended line | 7. Team debriefing session analyzing shot percentages and strategic execution | 8. Historic Scottish loch site developed with a private rail halt for national bonspiels"
2027-01-01,mini,Commuter Special 17,WARMICE/###I#R#/D#STEAL/E##T#D#/U##E#L#/COUNTER/E##S###,1. Surface running close to freezing temperature that softens pebble and slows rock glide | 5. Scoring one or more points in an end when not holding last-stone advantage | 6. Any stone lying within the house that counts toward a team's score at the conclusion of an end,2. Thermal fleece or leather handwear favored by front-end sweepers in cold sheds | 3. Metal holding rack positioned behind the back line to store stones not in play | 4. Two-point score traditionally viewed as a successful offensive conversion with hammer
2027-01-01,midi,Perfect Puzzler 17,#T#########/TEFLONDISC#/#A####O#C##/#M##SHUTOUT/#C##L#B#T##/#A##O#L#C##/#P##W#E#H##/#THIRDROCK#/#A##O#O#U##/#I##C#LIP##/#N##K#L####,"2. Replaceable circular sliding puck recessed into custom curling shoe outsoles | 5. Winning a curling contest without permitting the opposing rink to score a single point | 6. Stones delivered by the third player, crucial for setting up the skip's final shots | 7. Raised ridge or imperceptible contour variation in the ice surface that alters rock travel",1. Designated team leader representing the rink at coin tosses and official meetings | 3. Shot that caroms off a target rock and simultaneously propels both stones behind cover | 4. Foundational international championship tournament that predated the World Championship | 5. Individual stone in a matched pair that exhibits extra friction and runs heavy
2027-01-01,main,The Grand Grid 17,############K##/############N##/###T##SNOWPLOW#/###H##L###U#X#F/##AIRCIRCULATOR/###N##D###L#R#O/###K##E###I#O#S/###I######N#P#T/###N######G#H#C/###G######G#Y#H/###T######U###A/DELIVERINGARM#T/I##M######R###T/SWEEPINGCADENCE/H#########S###R,3. Prohibited sweeping motion where a broomhead is shoved flat across the ice sheet | 6. De-stratification ceiling fan mixing warm ceiling air to stop sheet condensation | 7. Limb extended straight down the broom line to release the handle cleanly | 8. Rapid stroke tempo maintained by competitive sweepers across the stone's trajectory,1. Historic Scottish award presented for regional outdoor club competitions | 2. Digital timing system counting down only while a team plans its next shot | 3. Forward glide out of the hack that establishes the stone's initial velocity | 4. Aggressive tactical decision to repeatedly throw stones into the guard zone | 5. Audible rumble produced when a moving rock encounters excessive frost crystals | 7. Undesirable saucer-shaped low spot where water pools during the initial flooding phase
2027-01-02,mini,Fast Five 17,CLUTTER/H###I##/A###M##/T###E##/TOECOAT/E###U##/R#DITCH,1. Tactical condition featuring numerous stones congested in and around the house | 3. Durable polyurethane layer painted over the trailing shoe to reduce sliding drag | 4. Recessed channel situated behind the backboard to collect out-of-play stones,1. Rapid micro-vibration audible when a stone encounters rough pebble or frost | 2. Sixty-second tactical pause requested by a rink to confer with their coach
2027-01-02,midi,Coffee Break 17,###TIMEDEND/#H#I#A####E/#A#G#T####A/#M#H#C####D/#MATCHING#C/#E#B#E####E/#ROUNDROBIN/###R#P##R#T/###I#A##I#E/NOSEHIT#E#R/###D#R##R##,"1. Regulation format where each team operates under a strict game-clock allocation | 5. Process of testing and pairing stones based on identical running speeds and curl profiles | 6. Preliminary tournament stage where each team faces every opponent in its pool | 8. Strike where the shooter contacts the target stone dead-center, killing momentum",1. Scoring stone hidden behind a guard with zero straight takeout angles available | 2. Two stones allocated to an individual player exhibiting identical curl and speed | 3. The absolute mathematical center of the house marked by the button pin | 4. Advantage held by the team delivering the final stone of an end | 7. Annual Canadian men's championship whose winner hoists the silver Tankard
2027-01-02,main,Heavy Hitter 17,####P####T#####/HEAVYHIT#R#####/####O####A#####/##CONCESSION###/####G####L####B/#AIRCURTAIN#C#R/####H####N##U#A/##STACKEDGUARDS/####N####F##L#S/####G####O####S/#HEAVIERROCK##L/####E####T####I/#ARENAICE##L##D/####U######I##E/ICEDEPTH#NIPPER,"3. High-velocity delivery launched with maximum power to ensure complete removal | 4. Traditional act of offering handshakes when an insurmountable deficit is reached | 6. Overhead HVAC blower above the rink entrance preventing warm lounge air from entering | 8. Multiple protective stones positioned in a direct linear column down center | 9. Stone with a coarse running surface that demands increased pushing force | 10. Engineered temporary sheet installed over stadium concrete for televised championships | 12. Thickness of the competition ice pad, standard between 1.25 and 1.5 inches | 13. Grooming blade dragged across frozen pebble to trim peaks and flatten running tops","1. The Gangneung Curling Centre, site of the 2018 Olympic curling competitions | 2. Limb extended behind the body to balance the slider leg throughout the slide | 5. Historic non-ferrous metal sliding sole utilized by competitive twentieth-century curlers | 7. The lateral curved trajectory traveled by a stone as its rotational speed decays | 11. Raised ridge or imperceptible contour variation in the ice surface that alters rock travel"
2027-01-03,mini,Bite-Sized 17,###H##S/#H#A##C/PATCH#R/#N#K##A/#D##P#P/CLUBICE/#E##T#R,4. Embroidered fabric crest sewn onto competition jackets celebrating tournament appearances | 6. Dedicated permanent sheet ice maintained for seasonal league play by community clubs,1. Rubber-lined foothold embedded in the ice used to push off during delivery | 2. Precision conditioning machine fitted with micro-adjustable blades to level the sheet | 3. Bolted plastic grip atop a granite stone used by the thrower to impart rotation | 5. Recessed ice trough behind the hacks designed to catch excess pebble water and melt
2027-01-03,midi,The Interlock 17,FLOODCOAT#C/##P#######O/ICESHEDDOOR/##N#######N/LSD#FASTICE/##R#R#####R/BLADEHONING/R#W#E#####U/I###Z#####A/E###E#####R/R####HOGGED,"1. Heavy water application poured across the concrete floor to seal the base ice | 4. Insulated heavy doorway separating the warm lounge from the freezing ice arena | 5. Common tournament abbreviation for the Last Stone Draw shootout preceding each draw | 6. Condition where stones glide exceptionally far with minimal effort, requiring less push | 7. Precision sharpening process required to maintain razor edges on scraper knives | 8. Violation called when a delivered rock fails to completely clear the far hog line",2. Delivery to an unobstructed house played when no guards impede the target path | 3. Rock placed outside the four-foot center corridor in the free guard zone | 6. Mastery shot that draws directly to touch an opponent's rock without displacing it | 7. Annual Canadian men's championship awarding the silver Tankard
2027-01-03,main,The Omnibus 17,###L#######S#T#/###E#######L#A#/##FALLINGTRACK#/###D#######B#E#/###SLOWSHEET#T#/#F#W#######E#W#/TAPEREDBROOM#O#/#L#E#######P###/SLIPONGRIPPER##/#I#E#######R###/#N#ROYSINCLAIR#/#G#######R#T###/#I#######O#U###/#C#######W#R###/HEATEXCHANGER##,4. Zone of the sheet where an uneven ice slope pushes rocks outward toward the boards | 5. High-friction ice condition requiring heavy pushing force to carry rocks into the house | 7. Handle engineered with a variable diameter to enhance downward leverage while brushing | 8. Flexible rubber cover pulled over sliding Teflon when stepping off the ice sheet | 9. Scottish administrator who served as World Curling Federation president | 11. HVAC refrigeration component extracting thermal energy from chilling systems,1. The front brush in a tandem pair applying maximum downward force over the stone | 2. Floor temperature measured continuously by probes buried beneath the ice sheet | 3. Tactical decision with hammer to settle for a pair of points rather than forcing a blank | 6. Sheet condition where stones lose expected curl and slide toward the side boards | 10. Deliberate convex ice slope running down the center corridor to enhance lateral curl
2027-01-04,mini,Micro Grid 17,#####I#/BURLING/##U##T#/WING#U#/##N##R#/TEELINE/##R####,2. Archaic Scottish term for tossing and swirling rough natural stones over lochs | 4. Portion of the sheet situated outward near either boundary beyond the four-foot line | 5. Stripe crossing the sheet horizontally through the exact center of each house,1. Clockwise rotation imparted on a stone by a right-handed thrower | 3. High-velocity stone thrown to punch cleanly through guards and blast targets away
2027-01-04,midi,Noon Spark 17,########T##/C#######I#S/R####GLYCOL/O#######K#E/S###HOTHAND/S#######N#N/I####E##D#I/CEILINGDRIP/E####D##O#P/########L#E/STONEDIAL#R,4. Chilled antifreeze chemical compound pumped through sub-slab refrigeration tubes | 5. Colloquial term for a skip or thrower executing nearly one hundred percent of their shots | 7. Condensation falling from overhead arena steel that creates deformities on ice | 8. Gauge deployed by stone technicians to measure running-surface circular tolerance,"1. Delicate graze on a guard rock that nudges it aside while rolling to safety | 2. Sweeping angle oriented perpendicular to rock travel to maximize pebble contact | 3. Wide steel blade mounted on a manual sliding sled pulled over sheets to level pebble | 6. Standard division of play consisting of sixteen delivered stones, eight per team"
2027-01-04,main,Crucible 17,###R#POINTSGAME/###O#####A#####/###U#DRYSCRAPE#/###N#####T#####/###D#####I##M##/###O##COACH#E#T/###F##L##A##S#R/#BASEPEBBLE#H#A/###I##A##B##B#C/##EXPANSIONTANK/###T##I##A##N#D/BLUEHONEDRUNNER/###E##G##D##E#I/###N########R#F/##############T,2. Nineteenth-century solo competition evaluating execution across standardized shots | 4. Pre-draw maintenance run that shears high pebble tops without applying fresh hot water | 6. Bench tactician permitted to consult with players during designated timeouts | 8. The foundational layer of coarse frozen droplets providing structural durability | 9. Plumbing reservoir accommodating liquid volume fluctuations in arena glycol systems | 10. Fitted bottom running insert made from Blue Hone granite to resist water absorption,1. Championship playoff bracket stage featuring sixteen surviving rinks | 3. Magnetic dry-erase coaching clipboard illustrating rock placement options | 5. Porous fabric sign embedded into frozen sheet ice without disrupting pebble bonding | 6. Sweeping lightly ahead of a stone without applying heavy downward pressure | 7. Subtle lateral deviation created when stones repeatedly trace the same groove in the ice
2027-01-05,mini,Quick Solve 18,RUNBACK/###A###/###C###/POCKET#/O##E###/R##N###/TOEDRAG,1. Takeout executed by striking an exterior guard to drive it into a stone in the house | 3. Protected scoring zone nestled directly behind an established pair of guards | 4. Trailing the toe of the sliding shoe along the ice to stabilize delivery balance,2. Collective term for the third and skip who dictate strategy and play final stones | 3. Narrow corridor between two stationary stones through which a delivered rock must pass
2027-01-05,midi,The Daily Grid 18,CHIPANDROLL/#########E#/##W######S#/#LASERSIGHT/##T######A#/GLENNHOWARD/##R######R#/MATCHEDPAIR/##A######S#/##N######O#/NIKLASEDIN#,1. Precision strike that clips the outer edge of a target stone to spin behind cover | 4. Training aid mounted to stone handles projecting a straight beam to verify delivery line | 5. Ontario skip who competed in a record-setting number of career Brier games | 6. Two stones allocated to an individual player exhibiting identical curl and speed | 7. Swedish skip who captured six World Men's Championships and 2022 Olympic gold,2. Canadian sports leader who served as president of the World Curling Federation | 3. Backpack reservoir carried by ice technicians while stepping backwards to pebble
2027-01-05,main,The Masterpiece 18,##PERMAFROST###/####O#####T####/##GLYCOLCHILLER/####A##A##C#E##/####L##S##K#A##/FOAMCORE##C#D##/####A##R##U####/####L##T##R####/SINKER#ROLLOUT#/####D##A##I####/##WOODENHANDLE#/####N##S##G####/####I##I#######/##DRAWSTOTHETEE/####N##########,1. Deep frozen earth layer beneath permanent ice arenas that requires thermal monitoring | 4. Refrigeration unit chilling ethylene or propylene glycol circulated under floors | 7. Resilient interior dampener layer encased inside approved competition brush heads | 8. Delivery that unexpectedly loses its rotational curl and drives straight past the target | 9. Takeout shot that strikes the target rock and caroms completely out of the playing area | 10. Primitive hand grip carved from hardwood mounted on antique pond stones | 11. Throwing practice routine focused entirely on touching the transverse axis of the house,2. Foundational governing curling club formed in Edinburgh in 1838 | 3. Discipline played in two-person rinks without sweeping between the hog lines | 5. Surveying device projecting calibrated beams across sheets to map surface dips | 6. Front-end player responsible for setting early guards and sweeping six stones per end
2027-01-06,mini,Morning Coffee 18,NARROW#/##U##E#/L#N##T#/E#W##I#/A#A##C#/DRYSHED/#######,1. Shot delivered inside the skip's broom line that risks crossing over too early | 5. Rink environment where industrial dehumidifiers maintain optimum low air moisture,"2. Pebbled corridor down the sheet continually smoothed by consecutive stone paths | 3. Degraded playing surface with standing water pooling on pebble, causing extreme drag | 4. Front-end player tasked with setting initial guards and sweeping six stones per end"
2027-01-06,midi,Midday Break 18,#TOEGRIPPER/####R##O###/##T#I##C#F#/##A#P##K#L#/##K#T##E#A#/##E#A##T#T#/##O#P##G#S#/BRUCEMOUAT#/##T####A#O#/#######R#N#/LAZYHANDLE#,"1. Textured traction rubber molded beneath the pushing shoe's toe for hack drive | 6. Scottish skip who captured the 2023 World Men's Championship in Ottawa | 7. Delivery where rotation stalls prematurely, causing the stone to dump off line",2. Textured tacky adhesive wrapped around carbon broom shafts for hand traction | 3. Shielding stone thrown specifically to protect a draw sitting in the outer wing | 4. Heavy-weight delivery intended to remove an opposing stone from play | 5. Delivery executed with zero handle rotation that drifts unpredictably off course
2027-01-06,main,Weekend Edition 18,#####G###C#####/##E##U#A#O####N/#EXPANSIONVALVE/##T##B#L#D####G/D#R##A#S#E####A/R#A##R#A#N#PORT/A#E##R#C#S####I/WING#E#R#E##S#V/##D##L#A#R##L#E/##H####I#C##I#H/#RASPINGSOUND#A/##M######I##E#N/##M######L##R#D/##E###########L/##REPLACEDSTONE,6. Refrigeration hardware controlling the flow of liquid refrigerant into chilling tubes | 8. Narrow corridor between two stationary stones through which a delivered rock must pass | 9. Portion of the sheet situated outward near either boundary beyond the four-foot line | 11. Distinctive scratchy acoustic signature produced by vigorous broomhead friction | 12. Rock restored to its previous position after being displaced by an illegal touch,"1. Tactical lane down the center line left open by rinks playing corner-guard strategies | 2. Arena loop discharging dissipated heat outdoors away from the refrigerated pad | 3. The decisive tactical advantage of throwing the final rock in sudden death | 4. Scottish volcanic island that yields common green and blue hone granite for stones | 5. Delivery mistake where rotation reverses, causing the stone to fall off its path | 7. Touch shot delivered to come to rest inside the rings without hitting another stone | 10. Teflon or stainless-steel sole worn on the sliding foot during delivery"
2027-01-07,mini,Brain Snack 18,#SLASH#/D###H#R/R#F#A#I/A#O#V#N/WARPING/##C#N##/##E#G##,1. High-velocity takeout aimed across an angle to eliminate two stones separated laterally | 6. Structural curvature of the concrete arena floor caused by permafrost swelling,2. Fine sliver of ice sheared from pebble peaks by the scraper knife during grooming | 3. Touch shot delivered to come to rest inside the house without striking another stone | 4. Any of the three circular boundaries that establish scoring territory in the house | 5. Defensive tactical success achieved by limiting the hammer team to a single point
2027-01-07,midi,Brain Teaser 18,STRAIGHTICE/#H#######U#/#E#######R#/BRASSHANDLE/#M#######I#/#A###CROWN#/#L####A##G#/#FORFEIT#B#/#L####S##O#/RUNTIME##O#/#X#######T#,"1. Playing condition with minimal lateral curl, forcing flatter delivery lines | 4. Historic metallic handle assembly utilized before standard molded plastics | 5. Deliberate convex ice slope running down the center corridor to enhance lateral curl | 7. Automatic defeat registered against a squad that fails to ice a legal four-person team | 8. The total elapsed seconds a thrown stone takes from hack release to complete rest",2. Rate of heat transfer from arena ambient air down into the refrigerated ice slab | 3. Insulated leather footwear equipped with customized slider and gripper soles | 6. Shot that bumps a stationary rock forward along its path toward the button
2027-01-07,main,Brain Bender 18,#THOMASULSRUD##/####A##########/SPLITDRAW##T###/####C####V#RUB#/####H####A#E#R#/####M#SKIP#M#E#/####A####O#O#T#/####N##Y#R#L#T#/##DUALPEBBLING#/####G##S#A#T#A#/####E####R#E#L#/LANEMARKER###L#/####E####I###A#/#STONEOFDESTINY/####T####R###T#,"1. Iconic Norwegian skip who captured world gold and popularized eccentric match trousers | 3. Delicate carom contacting an outside rock so both stones roll into counting position | 6. Gentle, incidental deflection off a stationary rock that barely changes the shooter's line | 8. Team strategist who calls shots from the house and traditionally throws fourth | 10. Application technique laying a foundation of coarse pebble topped by fine droplets | 11. Visual boundary indicator mounted on side boards to demarcate sheet limits | 12. Famous final delivery thrown to clinch the 2002 Olympic women's championship","2. Strategic pacing, scoreboard control, and risk balancing over ten regulation ends | 4. Fibrous mineral naturally embedded within Ailsa Craig granite matrices | 5. Heavy polyethylene membrane under concrete blocking subterranean ground moisture | 7. Decorated Prince Edward Island second and mixed doubles world champion | 9. Sweeping call confirming the rock is light and requires active brushing to carry"
2027-01-08,mini,Commuter Special 18,MITTENS/##A####/##N###T/#SKIP#H/##A###I/SCRIBER/##D###D,1. Thermal fleece or leather handwear favored by front-end sweepers in cold sheds | 4. Rink captain who directs strategy from the house and usually plays fourth stones | 5. Drafting compass with adjustable marker arms used to outline concentric house circles,"2. The prestigious silver trophy hoisted annually by Canadian Brier champions | 3. Rink position delivering rocks five and six, traditionally holding vice-skip duties"
2027-01-08,midi,Perfect Puzzler 18,B####B#B###/A####A#R#T#/SLIDERCOVER/E####R#N#A#/WIDE#I#Z#M#/A####E#E#C#/T####R#M#A#/E####I#E#N#/R####C#DRAW/#####E#A#D#/#######LEAD,"5. Neoprene slip-on boot protecting the Teflon sole when walking outside the ice shed | 6. Delivery that tracks outside the skip's target broom, often struggling to curl back in time | 7. Shot delivered with just enough momentum to settle in the house without striking another stone | 8. Front-end player responsible for setting early guards and sweeping six stones per end",1. Initial water layers frozen directly against the concrete floor to seal pores | 2. Perimeter ice border along the side boards exhibiting erratic curl due to heat gain | 3. Consolation podium contest between losing semifinalists at major championships | 4. Defending national champion squad awarded automatic qualification to the Brier or Scotties
2027-01-08,main,The Grand Grid 18,##########K####/##########N#W##/##O#WHINSTONE##/##U#####T#X#I##/#STEALSTRATEGY#/##T#####I#R#H##/DOUBLETAKEOUT##/##R#####I#P####/##N#####N#H####/#CHILLEDGLYCOL#/##I#####B######/CATCHINGANEDGE#/########N##I###/########D##S###/###########H###,"4. Dark, dense basaltic river boulders gathered for primitive Scottish curling | 6. Aggressive non-hammer strategy cluttering the four-foot zone to force opponent misses | 7. Power delivery designed to collide with and eliminate two target stones in one shot | 8. Antifreeze cooling fluid pumped through under-slab tubes to maintain ice temper | 9. Dangerous occurrence where a stone tips onto its rim after encountering a deep rut",1. Historic Scottish award presented for regional outdoor club competitions | 2. Velocity and momentum imparted to a stone during slide and release | 3. Counterclockwise rotation applied to a takeout delivery to remove an opponent's stone | 5. Wide perimeter band encircling a stone's equator shaped to absorb impact | 10. Undesirable saucer-shaped low spot where water pools during the initial flooding phase
2027-01-09,mini,Fast Five 18,HANDLE#/A##I###/CHATTER/K##C###/C##HACK/U######/PUSHOUT,1. Bolted plastic grip atop a granite stone used by the thrower to impart rotation | 3. Rapid micro-vibration audible when a stone encounters rough pebble or frost | 4. Foothold embedded into the ice from which deliveries are launched | 5. Delivery flaw where the curler shoves the handle away from the body's center line,1. Recessed indentation cast into the arena concrete floor to receive the hack | 2. Recessed channel situated behind the backboard to collect out-of-play stones
2027-01-09,midi,Coffee Break 18,#D#S###T###/BRINEHEADER/#A#O#E#P###/#W#W#A#W#W#/#T#P#V#E#I#/ROLLBEHIND#/#C#O###G#E#/#O#W###H#S#/#V#####T#I#/#E#######D#/FROSTPOCKET,4. Primary distribution manifold pumping sub-zero cooling fluid into sub-floor pipes | 7. Takeout that caroms the shooter sideways to settle safely behind an established guard | 8. Localized depression on a sheet where ambient humidity condenses into frost,1. Touch delivery curving safely into the protective shadow cast by a stationary guard | 2. Prohibited sweeping motion where a broomhead is shoved flat across the ice sheet | 3. Delicate delivery velocity calibrated to nudge a stationary rock back by a foot or two | 5. Severe upward buckling of arena floors caused by freezing subterranean ground moisture | 6. Section of the sheet displaying pronounced lateral swing and aggressive curl
2027-01-09,main,Heavy Hitter 18,#T#FASTSHEET###/#R#L#######I###/#E#O##R##C#M###/#M#C##I##U#E###/JOCKHENDERSON##/#L#O##G##L#U###/#I#F####S##T###/#T#G####L##P###/RETURNHEADER###/#F#A####S##O###/#I#R##D#H##T###/#B#D##E###FORCE/#E#S##U####C###/#R###ICECANOPY#/#S####E####L###,"2. Low-friction ice surface allowing rocks to travel with exceptionally light push | 6. Nineteenth-century Scottish outdoor champion renowned for tactical trick shots | 8. Refrigeration pipeline gathering warmed fluid from under the slab to return to chillers | 10. Tactical victory when defending without the hammer, holding the opponent to a single point | 11. Structural arena ceiling directly above the sheets that radiates ambient heat downward",1. Silicate amphibole fibers naturally present in microscopic veins of historic granites | 2. Congested cluster of three or more guards cluttering the center and wings | 3. Regulation restricting coach consultations to designated one-minute stoppages | 4. Any of the three circular boundaries that establish scoring territory in the house | 5. The lateral curved trajectory traveled by a stone as its rotational speed decays | 7. High-velocity takeout aimed across an angle to eliminate two stones separated laterally | 9. Two-point score traditionally viewed as a successful offensive conversion with hammer
2027-01-10,mini,Bite-Sized 18,CARVING/H######/INOFF#S/L#####L/L#####I/E#####D/RUNTIME,1. Advanced sweeping technique orienting brush angles to actively steer stone curl | 2. Difficult carom shot where the shooter glances off an outside stone to ricochet into the house | 4. The total elapsed seconds a thrown stone takes from hack release to complete rest,1. Industrial compressor refrigeration unit circulating sub-zero brine underneath the floor | 3. Forward glide out of the hack that establishes the stone's initial velocity
2027-01-10,midi,The Interlock 18,###H#R##C##/###A#A##A##/STICKCURLER/###K#H##C##/DOUBLETOUCH/###O#L##T##/###L#H##T##/POSTCONTACT/I####M#####/CURLRATIO##/K####N#####,4. Competitor who executes deliveries from an upright stance using an extender pole | 5. Rule violation where a curler makes secondary contact with a rock after release | 6. Lateral glide path followed by a stone after caroming off a target rock | 7. Mathematical relationship between total forward distance and lateral hook,1. Heavy-duty anchor bolt securing the rubber hack assembly into the concrete slab | 2. Ontario skip who captured multiple Scotties crowns and a World Women's Championship | 3. Social auction held prior to a bonspiel where participants bid on favored rinks | 6. Disaster shot where a traveling rock encounters ice debris and veers sharply off line
2027-01-10,main,The Omnibus 18,JEFFSTOUGHTON##/####W####E#####/H###E####A#####/A#SHEETDIVIDER#/C#P#P#H##Y#E###/K#L#I#I##W#A#H#/P#I#N#N##E#D#A#/U#T#G#K##I#H#N#/SATELLITEGUARD#/H#I#I#N##H#N#S#/##M#N#G##T#D#H#/#WIDE#T####L#A#/##N#A#I####E#K#/##G#G#M######E#/####E#E########,"1. Manitoba skip famed for introducing his crowd-pleasing spin-o-rama delivery | 5. Foam barrier or wooden plank positioned between sheets to halt runaway rocks | 9. Defensive guard placed wide toward the boundary boards outside the four-foot zone | 10. Delivery that tracks outside the skip's target broom, often struggling to curl back in time","2. Historical shift from stiff horsehair to synthetics, reshaping ice friction dynamics | 3. Any takeout thrown above standard control velocity to minimize lateral curl | 4. Explosive leg extension against the rubber foothold that powers the entire slide | 5. Stopwatch technique measuring interval velocity between back line and hog line | 6. Timing system counting down only the interval a team spends deciding on its shot | 7. Stone thrown with virtually no rotation that drifts unpredictably off its line | 8. Customary post-game ritual marking the official and respectful conclusion of play"
2027-01-11,mini,Micro Grid 18,#DIVOT#/##C####/##E####/##D##J#/SHUTOUT/##S##N#/#STICK#,1. Gouge in the sheet surface caused by an accidental stone drop or equipment strike | 4. Winning a curling contest without permitting the opposing rink to score a single point | 5. Assisted delivery device permitted for recreational play and wheelchair competition,"2. Microscopic frozen particles scraped up by heavy brushing or hard sliding stops | 3. On-ice slang for a congested end packed with corner guards, biters, and frozen rocks"
2027-01-11,midi,Noon Spark 18,#CORNERDRAW/#######I##I/#######S##C/LATERALHOOK/##########A/CLUTTER###N/###I######D/#MICROMETER/###K#F####O/#####F####L/##########L,1. Touch shot calibrated to settle into the outer margins of the eight-foot ring | 4. Pronounced sideways deflection occurring during a stone's final deceleration phase | 5. Tactical condition featuring numerous stones congested in and around the house | 7. Fine-tolerance measurement tool used to verify pebble nozzle hole dimensions,2. Undesirable saucer-shaped low spot where water pools during the initial flooding phase | 3. Glancing strike off a stationary rock deflecting the shooter behind protection | 6. Finesse shot grazing a center guard to the side without clearing it from play | 8. Directive shouted to sweepers to instantly cease brushing and step off the line
2027-01-11,main,Crucible 18,SKIP###FOAMCORE/O####T####A####/CROSSICE##N###M/H##T#M####I###E/I##O#E####TAP#L/R##N#O####O###T/I##E#U##RUB###I/N##I#T####A###N/K##N#C####C###G/S#TEELINERUNNER/###R#O####R###U/###T#C####L###N/NOTICKPROVISION/###A######N###E/##########G###R,"1. Team strategist who calls shots from the house and traditionally throws fourth | 2. Resilient interior dampener layer encased inside approved competition brush heads | 5. Sweeping angle oriented perpendicular to rock travel to maximize pebble contact | 8. Soft-weight delivery aimed to bump a stationary rock back by only a few inches | 9. Gentle, incidental deflection off a stationary rock that barely changes the shooter's line | 10. Delivered stone tracking right along the transverse axis of the playing sheet | 11. Modern rule clause barring displacement of center guards touching the center line",1. The Ice Cube venue constructed along the Black Sea for the 2014 Olympic Games | 3. Prairie curling culture renowned for pioneering the tuck slide and elite champions | 4. Digital display timing the sixty-second coach consultation window during stoppages | 6. Physical resistance of a forty-pound granite rock to acceleration and directional shifts | 7. Microscopic phenomenon where friction temporarily liquefies ice crystal tips under the stone's base
2027-01-12,mini,Quick Solve 19,T##G###/O##R#R#/E##I#I#/CUPPING/A##P#G#/P##E###/#CURL##,4. Concave profile milled into a stone's underside that leaves a narrow running ring | 5. The lateral curved trajectory traveled by a stone as its rotational speed decays,1. Protective vulcanized rubber shield coating the front of the trailing slider shoe | 2. Traction sole slipped over a slider foot when walking on the sheet between shots | 3. Any of the three circular boundaries that establish scoring territory in the house
2027-01-12,midi,The Daily Grid 19,#WICK#B####/#R####R###P/SIGHTLINE#E/#S####E###B/#TANKARD##B/#A########L/#CLEANHOUSE/#T#########/LINECALLER#/#O######N##/#N######D##,"1. Glancing deflection off a stationary rock used to angle the shooter into position | 4. Visual vector aligning the thrower's eye, delivery stick or stone, and skip's broom | 5. The prestigious silver trophy hoisted annually by Canadian Brier champions | 6. Defensive strategy focused on clearing all rocks to leave the rings vacant | 7. Skip or vice-skip stationed at the far end responsible for judging trajectory and curl","1. Subtle rotational flick of the wrist applied to impart rotation during release | 2. Annual Canadian men's championship whose winner hoists the silver Tankard | 3. Water droplets sprayed onto the ice sheet that freeze into textured bumps | 8. Division of play consisting of sixteen delivered stones, eight per team"
2027-01-12,main,The Masterpiece 19,#R#########G###/#E#RINKPROTOCOL/#T#########O###/#A###D#####S###/#I#THREEENDER##/#N###A#####N###/JENNIFERJONES##/#D###T#####C###/#W#SOCHIRINKS##/#E###O#####H###/KICKINGTHEHACK#/#G###T#####N###/#H###R#L###D###/#T##ROYSINCLAIR/#####L#D###E###,3. Traditional etiquette mandating silence and still posture during opponent deliveries | 5. A three-point frame that dramatically shifts win probability and scoreboard control | 6. Manitoba skip who authored an undefeated 11-0 run to claim 2014 Olympic gold | 7. The Ice Cube venue constructed along the Black Sea for the 2014 Olympic Games | 8. Infraction where the thrower's push foot inadvertently shifts the rubber foothold | 10. Scottish administrator who served as World Curling Federation president,1. Residual kinetic energy remaining in a stone as it completes its final rotation | 2. Vintage arched cast-iron handle found on nineteenth-century Canadian stones | 4. HVAC management preventing air currents from warping stone delivery trajectories | 9. Common tournament abbreviation for the Last Stone Draw shootout preceding each draw
2027-01-13,mini,Morning Coffee 19,##OFF#G/#I#R##L/#N#E##Y/#T#E##C/SUBZERO/#R#E##L/#N#####,1. Directive shouted to sweepers to instantly cease brushing and step off the line | 5. Brine temperature range circulating beneath the concrete to maintain ice firmness,2. Precision touch shot that comes to rest nestled flush against an opponent's stone | 3. Chilled antifreeze chemical compound pumped through sub-slab refrigeration tubes | 4. Clockwise rotation applied upon release by a right-handed thrower
2027-01-13,midi,Midday Break 19,##T#####D##/#VINYLSHEET/##C###H#L#O/##K###E#A#E/##A###A#Y#C/##N###R#O#A/##D#Y#A#F#P/##R#E#N#G##/#LOOSEGUARD/##L###L#M##/VALSWEEPER#,3. Pre-printed full-house graphic frozen directly over concrete before flooding | 7. Protective rock resting far ahead of the scoring stone it is intended to cover | 8. Slang term for a team's primary power sweeper assigned to carry rocks distance,1. Delicate graze on a guard rock that nudges it aside while rolling to safety | 2. Official infraction assessed against a team intentionally stalling match tempo | 4. Optimal broomhead attack angle calibrated to maximize pebble flattening per stroke | 5. Protective vulcanized rubber shield coating the front of the trailing slider shoe | 6. Sweeping call confirming the rock is light and requires active brushing to carry
2027-01-13,main,Weekend Edition 19,####INSIDETRACK/###########U##E/DRAGEFFECT#N##E/########A##N##N/########L##I##E/S#######G##N##R/LATENTHEAT#G##R/A#######R##T##O/SEEDINGSYSTEM#C/H#######T##M##K/##L###W#R##P###/WHEELCHAIRWEDGE/##A###O#A##R###/##D###A#L######/########SKIP###,1. Delivery lane running tight along the center corridor of the playing sheet | 4. Aerodynamic and frictional drag altered by the immediate presence of a front sweeper | 7. Thermal energy absorbed or released by water during freezing and melting phase changes | 8. Ranking methodology grouping elite teams to balance round-robin pools | 11. Mechanical ice device placed behind the wheel to anchor a chair during stick delivery | 12. Rink captain who directs strategy from the house and usually plays fourth stones,2. Sub-surface ice temperature range typically maintained between 21 and 23 degrees Fahrenheit | 3. Stone with a highly polished running band that travels faster with less resistance | 5. The pivotal 1997 Canadian Olympic Trials that established modern high performance | 6. High-velocity takeout aimed across an angle to eliminate two stones separated laterally | 9. Front-end player tasked with setting initial guards and sweeping six stones per end | 10. Instruction to stop brushing and allow natural friction to curve the moving rock
2027-01-14,mini,Brain Snack 19,##T####/SPIEL##/##M##P#/TOECOAT/##O##T#/SOURICE/##T##H#,"2. Colloquial abbreviation for a weekend or multi-day curling tournament | 4. Durable polyurethane layer painted over the trailing shoe to reduce sliding drag | 5. On-ice slang for soft, degraded surface conditions late in a marathon tournament",1. Sixty-second tactical pause requested by a rink to confer with their coach | 3. Embroidered fabric crest sewn onto competition jackets celebrating tournament appearances
2027-01-14,midi,Brain Teaser 19,####J###OFF/#B##O####I#/#A##H####N#/#S##N####A#/#ENDSHUTTLE/#W##H####S#/#A#GUARD#T#/#T##S####O#/#E##T####N#/BRINESYSTEM/####R######,2. Directive shouted to sweepers to instantly cease brushing and step off the line | 5. Practice regimen alternating stones sequentially between both ends without sweeping | 6. Rock intentionally stationed short of the house to shield potential scoring paths | 7. Refrigeration pipe network pumping chilled glycol underneath the concrete floor,"1. American skip who rallied his squad from elimination to win 2018 Olympic gold | 3. The sixteenth and climactic delivery of an end, frequently deciding game outcomes | 4. Initial water layers frozen directly against the concrete floor to seal pores"
2027-01-14,main,Brain Bender 19,####B#######W##/P#C#E#####P#H##/A#O#A#####I#O##/N#RADIALRUNBACK/C#N#D######L###/O#ELEVATEDHACK#/N#R#N######N###/T#P#SHOTROCK##T/I#E#I######H##E/N#E#T######U##E/E#L#Y######N##T/N##########T##O/THERMALGRADIENT/A##########N##E/L####POINTSGAME,6. Tactical runback directed along an arc rather than a direct linear alignment | 8. Specialized raised foothold designed to assist curlers with limited knee mobility | 9. Stone lying closest to the center pin at any given moment during or after an end | 11. Temperature differential across the ice surface that alters local curl behavior | 12. Nineteenth-century solo competition evaluating execution across standardized shots,1. Calculated quantity of frozen water droplets per square foot on freshly pebbled ice | 2. Instruction to stop brushing and allow natural friction to curve the moving rock | 3. Championship event serving as World Championship qualification for non-European nations | 4. High-speed takeout executed specifically to remove an opposition guard on the wing | 5. Central brass marker or screw hole drilled into the ice at the center of the button | 7. Aggressive defensive tactics aimed at clearing all rocks to keep last-stone advantage | 10. Speed measurement timed between the delivery tee line and the distant receiving tee line
2027-01-15,mini,Commuter Special 19,TAPBACK/######N/##S#D#E/LOWSIDE/##E#V#P/##E#O#A/TAP#T#D,1. Delicate bump shot that nudges an opponent's rock deeper into the rings | 5. The downhill side of a sloped sheet where moving stones slide away and fall off line | 6. Soft-weight delivery aimed to bump a stationary rock back by only a few inches,"2. Cushioned guard strapped to the trailing knee by curlers who slide low to the ice | 3. Use vigorous broom strokes to polish pebble, holding a rock's line and extending its carry | 4. Gouge in the sheet surface caused by an accidental stone drop or equipment strike"
2027-01-15,midi,Perfect Puzzler 19,#FALLINGICE/#####C####V/##B##E##P#E/SILVERBROOM/##U##E##W#U/##E##A##E#I/#THIRD##R#R/##O##I##P#H/PIN##N##L#E/##E##G##A#A/########Y#D,"1. Sheet condition where stones curl less than expected or fall away toward the side boards | 6. Historic world men's championship trophy awarded annually between 1968 and 1985 | 7. Rink position delivering rocks five and six, traditionally holding vice-skip duties | 8. Central brass marker or screw hole drilled into the ice at the center of the button",2. Mental discipline of tracking pebble decay and mapping changing sheet tracks | 3. Scottish skip who led Great Britain to a dominant 2022 Olympic women's gold | 4. Water-resistant microgranite harvested in Scotland used specifically for stone running edges | 5. Mixed doubles tactical option placing the pre-positioned stones out to one wing
2027-01-15,main,The Grand Grid 19,###HIGHSIDE##L#/#######L#####A#/#####L#I#####S#/S####I#D#R###T#/P####N#I#U###S#/L##CLEANING##H#/I####B#G#N###O#/T####I#F#I###T#/R####A#O#N###D#/EXPANSIONGAP#R#/L#I####T#R###A#/E#T##SITTINGTWO/A######O#D#####/STAGGEREDGUARDS/E########E#####,1. The uphill side of a sloped sheet where moving stones resist natural curl | 7. Sweeping lightly ahead of a stone without applying heavy downward pressure | 8. Perimeter floor spacing allowing concrete ice slabs to expand without buckling boards | 10. Lying count with the two best rocks in the house during active play | 11. Protective stones positioned diagonally across both center and wing lanes,2. The tip of the slider shoe that throwers align directly down the broom line | 3. Statistical distance metric accumulating centimeters from the button across round-robin play | 4. Ice anomaly where stones curl differently traveling one direction versus the other | 5. Delivery flaw where the curler extends the arm before the slide foot stabilizes | 6. Elevated narrow peak of intact pebble along a heavily worn delivery corridor | 9. Recessed ice trough behind the hacks designed to catch excess pebble water and melt
2027-01-16,mini,Fast Five 19,FASTICE/R#C####/O#R#W##/SHAVING/T#P#C##/##E#K##/##R####,"1. Condition where stones glide exceptionally far with minimal effort, requiring less push | 4. Fine sliver of ice sheared from pebble peaks by the scraper knife during grooming",1. Airborne humidity crystalizing on the ice surface that creates drag and slows rocks | 2. Precision conditioning machine fitted with micro-adjustable blades to level the sheet | 3. Glancing deflection off a stationary rock used to angle the shooter into position
2027-01-16,midi,Coffee Break 19,#######S###/#####L#C#T#/#####A#O#U#/#SECONDROCK/#C###E#E#K#/#R###M#B#S#/#I###A#O#L#/#B#CURLAXIS/#E###K#R#D#/FRONTEND#E#/#####R#####,"4. Stones delivered by the second player, usually tasked with setup or early hits | 5. Theoretical vertical axis around which a curling stone rotates during its transit | 6. Collective term for the lead and second who perform the bulk of a team's sweeping",1. Wall display presenting progressive end-by-end points and cumulative match totals | 2. Visual boundary indicator mounted on side boards to demarcate sheet limits | 3. Delivery style where the curler drops hips low and rides high on the trailing toe | 4. Drafting compass with adjustable marker arms used to outline concentric house circles
2027-01-16,main,Heavy Hitter 19,######S########/######I########/###BACKHACK####/######H####M###/#EXPANSIONTANK#/######I####N###/##S#CENTRELINE#/##P###C####T###/##L##CURL##O###/#TICK#R####B###/##T##SLABCRACK#/##D###I#L##T###/#DRAWINGAROUND#/##A###G#N##C###/##W#####K##K###,2. Older foothold layout situated further back from the delivery tee line | 4. Plumbing reservoir accommodating liquid volume fluctuations in arena glycol systems | 6. Longitudinal line bisecting the sheet from hack to backboard across both houses | 7. The lateral curved trajectory traveled by a stone as its rotational speed decays | 8. Finesse shot that grazes a center guard toward the wing without removing it from play | 9. Structural fissure in arena concrete that can cause surface ridges in the ice sheet | 11. Steering a curving touch shot past a guard into the sheltered heart of the house,"1. Groundbreaking cultural milestone reflecting the modern global reach of the sport | 3. Regional delivery posture featuring an exceptionally low hip drop and raised back heel | 5. Delicate carom contacting an outside rock so both stones roll into counting position | 10. End concluded with zero stones in the house, maintaining last-stone advantage"
2027-01-17,mini,Bite-Sized 19,###T#P#/###A#I#/BACKEND/R##E##I/I#POINT/E##U##C/R##T##H,3. Collective term for the third and skip who dictate strategy and play final stones | 5. Basic scoring unit awarded for each counter closer to the pin than any opposing rock,1. Heavy-weight delivery intended to remove an opponent's rock from play | 2. Central brass marker or screw hole drilled into the ice at the center of the button | 3. Annual Canadian men's championship awarding the silver Tankard | 4. Recessed channel situated behind the backboard to collect out-of-play stones
2027-01-17,midi,The Interlock 19,SHOTROCK###/###H##R###D/SHEETNUMBER/#O#R##S#L#Y/#T#M##H#I#S/#H#I##R#N#H/FALSEHANDLE/#N#T##T#S#D/#D#O##I#H##/###R##O#O##/########T##,1. Stone lying closest to the center pin at any given moment during or after an end | 5. Numerical sign suspended above each ice lane in multi-sheet curling facilities | 8. Deceptive hand rotation where the thrower twists the wrist without rotating the rock core,2. Precision temperature probe installed in the floor slab to regulate refrigeration | 3. Ice technician metric comparing water droplet volume to surface pebble density | 4. Rink environment where industrial dehumidifiers maintain optimum low air moisture | 6. Colloquial term for a skip or thrower executing nearly one hundred percent of their shots | 7. Delivery toward a target area entirely hidden behind stacked center guards
2027-01-17,main,The Omnibus 19,#T###C####E####/#A###A##W#X#P##/#PEBBLECHIPPING/#B###C##I#A#T##/MATTDUNSTONE###/#C###T##E#S####/#K###T##SLIDER#/#####A##H#O###S/INICEANTENNA##I/#####U##E#G###X/CLUBICE#T#A###E/#####T####P###N/#MULTIPLE#####D/#####O########E/PEELINGACOUNTER,6. Breakdown of frozen surface droplets caused by repeated heavy impacts from takeout deliveries | 7. Canadian skip celebrated for dynamic shotmaking and aggressive offensive strategy | 8. Slick material fixed beneath the sliding shoe to reduce friction during delivery | 10. Radio receiver wire frozen into ice at the hog line to communicate with stone handles | 11. Dedicated permanent sheet ice maintained for seasonal league play by community clubs | 12. Substantial score of three or more points registered in a single frame | 13. Heavy takeout thrown specifically to eliminate an opponent's scoring stone and roll out,"1. Delicate bump shot that nudges an opponent's rock deeper into the rings | 2. Club fundraising pool where spectator syndicates buy stakes in tournament teams | 3. Perimeter floor spacing allowing concrete ice slabs to expand without buckling boards | 4. Bright background created by painting sub-ice white to maximize stone visibility | 5. Recessed ice trough behind the hacks designed to catch excess pebble water and melt | 9. Massive six-point score registered in a single frame, virtually deciding a contest"
2027-01-18,mini,Micro Grid 19,##SHEET/N##A##O/A##C##E/R##K##D/R##C##R/O##U##A/WARPING,"1. The complete rectangular strip of prepared ice bordered by hog, tee, and back lines | 5. Structural curvature of the concrete arena floor caused by permafrost swelling",2. Recessed indentation cast into the arena concrete floor to receive the hack | 3. Trailing the toe of the sliding shoe along the ice to stabilize delivery balance | 4. Shot delivered inside the skip's broom line that risks crossing over too early
2027-01-18,midi,Noon Spark 19,PURPLEHEART/O##E##A#L#E/S##E##C#I#N/T##L##K#N#E/CROWN#B#A#N/O##E##O#P#D/N##I##L#A#M/T##G##T#E#A/A#WHOA##T#T/C##T####Z#C/T#########H,1. Ceremonial crest historically sewn onto the sweaters of Brier provincial champions | 6. Deliberate convex ice slope running down the center corridor to enhance lateral curl | 7. Instruction to stop brushing and allow natural friction to curve the moving rock,1. Path traversed by a thrown rock after glancing off a target rock | 2. Maximum throwing velocity deployed to eliminate both the target guard and shooter | 3. Heavy-duty anchor bolt securing the rubber hack assembly into the concrete slab | 4. Swiss fourth thrower celebrated for elite takeout execution under skip Silvana Tirinzoni | 5. Regulation championship game length contested at World Championships and the Olympics
2027-01-18,main,Crucible 19,#DISH##P#######/####A#FOAMCORE#/G###M##D#######/R###M##I#R###L#/A##TEXTUREBRUSH/N###R##M#L###D#/D###T##F#E#####/M###R##I#A#####/A###A##N#S#####/T#BACKLINETOHOG/C###K##S#A####U/HEATEXCHANGER#A/####R####G####R/#########L####D/#########E#####,1. Undesirable saucer-shaped low spot where water pools during the initial flooding phase | 4. Resilient interior dampener layer encased inside approved competition brush heads | 8. Grooming tool used to lightly scratch base ice before pebbling to ensure bonding | 9. Classic interval timing split used by coaches to clock initial push-off velocity | 11. HVAC refrigeration component extracting thermal energy from chilling systems,"2. Scoreboard indicator or digital graphic designating which rink holds last stone | 3. Attaining a first-, second-, or third-place medal finish in international play | 5. Centuries-old Scottish outdoor festival congregating hundreds of curlers on frozen lochs | 6. Orientation of the handle relative to the broom line at the instant of release | 7. Common tournament abbreviation for the Last Stone Draw shootout preceding each draw | 10. Rock intentionally stationed short of the rings to shield a scoring path"
2027-01-19,mini,Quick Solve 20,##PICK#/####H##/D#SLASH/R###N##/I###N##/FORFEIT/T###L##,1. Disaster shot where a traveling rock encounters ice debris and veers sharply off line | 4. High-velocity takeout aimed across an angle to eliminate two stones separated laterally | 5. Automatic defeat registered against a squad that fails to ice a legal four-person team,2. Groove gradually worn into pebble by repeated stones tracking the identical path | 3. Unintended lateral displacement of a stone caused by minor sloping in the ice floor
2027-01-19,midi,The Daily Grid 20,#T#########/#R#M#S#####/TAMOSHANTER/#C#R#A#####/#K#R#F#P###/#DRIFTBIAS#/#R#S#F#N###/#I#R#L###D#/#FOURENDER#/#T#L#X###A#/###E#####W#,4. Traditional Scottish bonnet worn by pioneering curlers during outdoor bonspiels | 6. Persistent arena slope causing stones to drift laterally toward one sideline | 8. Lethal four-point conversion that typically establishes decisive game control,1. Subtle lateral deviation created when stones repeatedly trace the same groove in the ice | 2. Early Free Guard Zone variant that influenced the evolution of modern four-rock play | 3. Degree of mechanical bending permitted by carbon-fiber broom handles during heavy brushing | 5. Central brass marker or screw hole drilled into the ice at the center of the button | 7. Touch shot delivered to come to rest inside the rings without hitting another stone
2027-01-19,main,The Masterpiece 20,##########C####/######S##POCKET/SKIPCALL##P###H/I#####E###P###E/DEHUMIDIFIER##R/E#####G###R###M/S#####E###N###A/TAPEREDBROOM##L/E#####E###Z###I/P#####L#G#Z###N/#MUTHOILLCLUB#S/######V#Y#E###O/######E#C#####L/######R#O#####E/#RUNWAY#LIP####,3. Protected scoring zone nestled directly behind an established pair of guards | 5. Shot choice and broom placement indicated on the ice by the team captain | 6. Industrial air-handling system critical for extracting arena moisture to stop frost | 7. Handle engineered with a variable diameter to enhance downward leverage while brushing | 9. Pioneering Scottish society with documented curling records dating back to 1739 | 10. Pebbled corridor down the sheet continually smoothed by consecutive stone paths | 11. Raised ridge or imperceptible contour variation in the ice surface that alters rock travel,1. Traditional shower-style sprinkler head fitted to tanks for pebbling sheets | 2. Modified seated delivery technique deployed in specialized parasport curling | 4. Insulated footbed placed inside curling shoes to block cold from the ice sheet | 5. Lateral walking gait executed by sweepers facing directly toward the moving stone | 8. Chilled antifreeze chemical compound pumped through sub-slab refrigeration tubes
2027-01-20,mini,Morning Coffee 20,##DRAW#/###A#A#/#BRIER#/###S#M#/###E#I#/#####C#/COUNTER,1. Touch shot delivered to come to rest inside the house without striking another stone | 4. Annual Canadian men's championship whose winner hoists the silver Tankard | 5. Any stone lying within the house that counts toward a team's score at the conclusion of an end,2. Shot that propels a stationary rock forward along its line into the house | 3. Surface running close to freezing temperature that softens pebble and slows rock glide
2027-01-20,midi,Midday Break 20,####Y##WHOA/I###E###A##/CRADLEHACK#/E###L###K#F/E###O###W#R/M###W###E#E/B##DRAGLINE/E###O###G#Z/D#L#C###H#E/#KICKPLATE#/##P#S######,2. Instruction to stop brushing and allow natural friction to curve the moving rock | 5. Nineteenth-century wooden foothold frame mounted flush onto natural outdoor ice ponds | 7. Faint streak visible across frost or pebble caused by an accidental shoe scrape | 9. Vertical rubber backing against which a thrower braces the rear foot inside the hack,"1. The contrasting stone handle color customarily matched against red in tournament play | 3. Moderate takeout velocity matching the force needed to reach the opposite hack | 4. Any painted boundary, marker, or electronic sensor frozen within the playing pad | 6. Mastery shot that draws directly to touch an opponent's rock without displacing it | 8. Raised ridge or imperceptible contour variation in the ice surface that alters rock travel"
2027-01-20,main,Weekend Edition 20,ICEDUST########/#R#####B##H####/GOLDMEDALGAME##/#S#####C##M##T#/#S#####K##M##H#/#O#FOULLINE##I#/#V#####I##R##R#/#E###T#N##S##T#/#REPLACEDSTONE#/#S###K####R##E#/#T###E####A##N#/#E##STEAL#T####/#PIT#W####E####/####POCKETGUARD/##########Y####,1. Microscopic frozen particles scraped up by heavy brushing or hard sliding stops | 5. The climactic championship final at Olympic and World curling tournaments | 7. Informal or archaic term for the transverse line marking the delivery release limit | 9. Rock restored to its previous position after being displaced by an illegal touch | 10. Scoring points in an end when not in possession of the hammer | 11. Recessed ice trough behind the hacks designed to catch excess pebble water and melt | 12. Shielding stone thrown specifically to protect a draw sitting in the outer wing,2. Dynamic sweeping footwork where the rear leg crosses in front to maintain speed | 3. Border line behind the twelve-foot ring across which a stone is completely removed from play | 4. Tactical playbook focused on scoring two points with hammer and blanking even ends | 6. Maximum theoretical stones that can remain in play before delivery number fourteen | 8. Tactical decision with hammer to settle for a pair of points rather than forcing a blank
2027-01-21,mini,Brain Snack 20,#S###M#/#P###E#/#I#C#A#/DEBRIS#/#L#O#U#/###W#R#/SPINNER,4. Stray brush hairs or dirt on the sheet that pose a hazard for moving stones | 5. Stone thrown with excessive rotation that fails to curl and tracks straight,1. Colloquial abbreviation for a weekend or multi-day curling tournament | 2. Precision mechanical gauge pivoted from the pin to resolve contested shot rocks | 3. Deliberate convex ice slope running down the center corridor to enhance lateral curl
2027-01-21,midi,Brain Teaser 20,FORCE#B#R##/O#####U#O#V/A##L##M#U#I/M##O##P#N#C/B##C##A#D#E/U##H##N#R#S/M##LEADROCK/P##E##R#B#I/E##V##O#I#P/REPEBBLING#/###N##L####,1. Defensive victory achieved by restricting a hammer team to a single point | 6. Either of the opening pair of stones thrown in an end to establish early positioning | 7. Application of fresh water droplets sprayed across the sheet between halves,1. Protective padding lining the side ditch to absorb rebounding out-of-play stones | 2. Promoting a friendly stone forward while caroming sideways into a scoring lane | 3. Preliminary tournament stage where each team faces every opponent in its pool | 4. Teammate who directs the skip's shots and holds measuring responsibilities | 5. Historic Scottish body of water famous for hosting open-air Grand Matches
2027-01-21,main,Brain Bender 20,#TICKSHOTRULE##/###A#I########B/###N#D########A/###ARENAICE###C/###D#B###R#HACK/##DIVOT##A#A##B/###A#A#H#D#N##O/CORNERPEEL#D##A/###T#D#A#E#L##R/###R#B#V###E##D/###I#O#E######D/###A#U########U/PULLINGTHEBROOM/###S#C########P/####PEBBLEHEAD#,1. World Curling regulation barring displacement of center guards touching the center line | 5. Engineered temporary sheet installed over stadium concrete for televised championships | 7. Foot-hold embedded into the ice from which deliveries are launched | 8. Gouge in the sheet surface caused by an accidental stone drop or equipment strike | 10. High-speed takeout executed specifically to remove an opposition guard on the wing | 11. Skip adjusting target aim slightly wide or tight to compensate for sheet drift | 12. Perforated brass nozzle screwed onto a spray tank to produce ice water droplets,2. High-pressure national Olympic selection event famously called Roar of the Rings | 3. Dead-ball violation triggered instantly when a rock makes physical contact with the perimeter timber | 4. Frustrated gesture of sliding a rock into the back bumper to concede a match | 6. Metal holding rack positioned behind the back line to store stones not in play | 7. Bolted plastic grip atop a granite stone used by the thrower to impart rotation | 9. Severe upward buckling of arena floors caused by freezing subterranean ground moisture
2027-01-22,mini,Commuter Special 20,N###P#H/O###I#O/SHEET#G/E#####L/HEAVE#I/I#####N/TEELINE,4. The complete boundary-to-boundary ice corridor on which a match is contested | 5. Severe upward buckling of arena floors caused by freezing subterranean ground moisture | 6. Stripe traversing the sheet horizontally through the exact center of each house,"1. Strike where the shooter contacts the target stone dead-center, killing momentum | 2. Recessed ice trough behind the hacks designed to catch excess pebble water and melt | 3. Transverse threshold a delivered stone must cleanly cross to remain legally in play"
2027-01-22,midi,Perfect Puzzler 20,PUSHBLOCK##/U######E#B#/S######N#A#/HACKFOOT#S#/T#H####E#E#/HEAVYTHROW#/R#M####W#A#/O#O####E#T#/W#N####D#E#/##I####G#R#/#EXTENDER##,1. Rubber wedge anchored in the hack providing solid purchase for delivery push-off | 4. Foot braced firmly against the rubber wedge to initiate explosive delivery drive | 6. Stone released with excessive forward velocity that sails past its target | 7. Brushing technique performed to prolong forward momentum and stretch rock carry,1. Recreational delivery executed without sliding by stepping forward from the hack | 2. Tightly clustered pack of stones wedged directly along the center line | 3. Initial water layers frozen directly against the concrete floor to seal pores | 5. French alpine host city of the inaugural 1924 Olympic curling competition
2027-01-22,main,The Grand Grid 20,#A#########E###/#C####S####X###/#C#M##P####PICK/#I#O##L####A###/#DIVIDINGLINE##/#E#E##T#H##S#D#/#N#D##T#O##I#R#/#T#O##I#S##O#I#/TAPPROMOTION#F#/#L#P##I#R##V#T#/#T#O##N#O##A#M#/#O#N##G#CHILLER/#U#E####K##V#T#/#C#N#######E#E#/#H#T#########R#,5. Disaster shot where a traveling rock encounters ice debris and veers sharply off line | 6. Painted longitudinal stripe demarcating boundaries between adjacent sheets | 9. Gentle touch shot nudging a teammate's stone forward into the scoring circle | 10. Industrial compressor refrigeration unit circulating sub-zero brine underneath the floor,1. Unintentional contact with a moving rock triggering burnt-stone penalties | 2. Refrigeration hardware controlling the flow of liquid refrigerant into chilling tubes | 3. Stopwatch technique measuring interval velocity between back line and hog line | 4. Opposing stone repositioned by the non-offending skip after a burnt-rock foul | 7. Mysterious shot that abruptly loses momentum without any visible debris on the sheet | 8. Precision level or laser tool utilized by ice technicians to verify floor levelness
2027-01-23,mini,Fast Five 20,D####O#/R#H##U#/I#A##T#/F#M##T#/TIMEOUT/##E##R#/BURLING,4. Sixty-second tactical pause requested by a rink to confer with their coach | 5. Archaic Scottish term for tossing and swirling rough natural stones over lochs,1. Unintended lateral displacement of a stone caused by minor sloping in the ice floor | 2. Counterclockwise rotation applied upon release by a right-handed thrower | 3. Advantage of throwing the sixteenth and final stone of an end
2027-01-23,midi,Coffee Break 20,#TAP###P###/#A#####E###/#P#TESTROCK/#B#####T###/#A#####H###/#COINTOSS##/#K#####H###/#SOFTWEIGHT/#H###I#R###/FOURENDER##/#T###G#####,1. Soft-weight delivery aimed to bump a stationary rock back by only a few inches | 3. Calibrated stone thrown by ice technicians to time sheet speed before a draw | 4. Opening procedure frequently used before games to establish stone color or practice order | 5. Finesse delivery thrown at a speed below normal control or takeout pace | 7. Lethal four-point conversion that typically establishes decisive game control,1. Controlled hit intended to nudge an opponent's rock deeper into the house | 2. Historic Scottish county revered as an ancient cradle of organized outdoor bonspiels | 6. Portion of the sheet situated outward near either boundary beyond the four-foot line
2027-01-23,main,Heavy Hitter 20,#########P#W###/###FIFECURLING#/#C##C####E#D###/#O#TEAMROSTER##/#R##W####S#####/ENGRAVEDNUMBER#/#E##R#I##R###I#/#R##P#G##E###N#/#FINISHINGKICK#/#R##N#T##A#####/#E##G#E#RUNBACK/#E####N##G#####/#Z####D##E#####/#E####E########/##INTERVALTIMER,3. Ancient regional Scottish association with curling traditions spanning centuries | 6. Official lineup of four players and designated alternate registered for competition | 7. Numeral from one through eight etched onto handles to track stone matching | 10. Sudden aggressive curl exhibited by a stone during its final rotation before stopping | 11. Takeout where a shooter strikes a guard to drive it into a target stone deeper in the house | 12. Stopwatch device calculating stone velocity based on hog-to-hog transit seconds,"1. Diagnostic device utilized in sports science to record downward brushing wattage | 2. Delivery that tracks outside the skip's target broom, often struggling to curl back in time | 4. Uneven expansion or contraction of concrete sub-floors that distorts ice level | 5. Touch shot drawing to sit flush against an opponent's rock out on the wing | 8. Curling equivalent of a perfect game where a team scores every rock in an end | 9. Four-person curling squad, or the ice facility in which the match is staged"
2027-01-24,mini,Bite-Sized 20,SCRAPER/U#A#U##/B#I#S##/Z#S#H##/E#E#O##/R##RUB#/O###T##,"1. Precision conditioning machine fitted with micro-adjustable blades to level the sheet | 4. Gentle, incidental deflection off a stationary rock that barely changes the shooter's line",1. Brine temperature range circulating beneath the concrete to maintain ice firmness | 2. Shot that bumps a teammate's rock forward along its path closer to the button | 3. Delivery flaw where the curler shoves the handle away from the body's center line
2027-01-24,midi,The Interlock 20,#######H#S#/#######E#W#/POINTSGAME#/####E##V#E#/####E##Y#P#/#FLATKNIFE#/####O##C#R#/NEGATIVEICE/####E####A#/#FINEPEBBLE/#########L#,3. Nineteenth-century solo competition evaluating execution across standardized shots | 5. Scraper blade with a level cutting edge used to shave high spots across the sheet | 6. Sheet defect where a stone runs counter to its rotation and falls away | 7. Water droplet application using tiny spray to maximize rock running speed,"1. Slow, high-friction playing surface requiring extra leg drive from throwers | 2. Shouted communication between front-end sweepers assessing weight and path | 4. Speed measurement timed between the delivery tee line and the distant receiving tee line"
2027-01-24,main,The Omnibus 20,##T#####F######/##H##T##I##B###/#BEIJINGVENUE##/C#R##M##E##R###/L#MIKEMCEWEN###/E#A##O##N##T###/A#L##U##D######/N#S##TEAMCANADA/S#I##C##I######/W#P#SLEDNIPPER#/E#H##O##I##E###/E#O##C##M##B###/PIN##K##U##B###/######TIMECLOCK/###########E###,5. The 'Ice Cube' aquatics center repurposed for curling at the 2022 Olympics | 7. Elite Canadian skip admired across the sport for an exceptionally textbook delivery slide | 8. Defending national champion squad awarded automatic qualification to the Brier or Scotties | 9. Wide steel blade mounted on a manual sliding sled pulled over sheets to level pebble | 11. Central brass marker or screw hole drilled into the ice at the center of the button | 12. Overhead digital display monitoring allotted team thinking duration per game,1. Natural convection within floor pipes that can create temperature discrepancies | 2. Regulation specifying the mandatory frames required before conceding a game | 3. Digital display timing the sixty-second coach consultation window during stoppages | 4. Call made when a curler or broom makes accidental contact with a stone in motion | 6. Gentle brushing motion applied solely to clear dust without altering stone curl | 10. Water droplets sprayed onto the sheet that freeze into textured bumps
2027-01-25,mini,Micro Grid 20,GLYCOL#/#O#U###/#W#P#P#/#S#P#O#/#I#I#I#/#D#N#N#/WEIGHT#,1. Chilled antifreeze chemical compound pumped through sub-slab refrigeration tubes | 5. Velocity and momentum imparted to a stone upon release,2. The downhill side of a sloped sheet where moving stones slide away and fall off line | 3. Concave underside design of a stone that leaves only an annular ring touching the ice | 4. Basic scoring unit awarded for each counter closer to the pin than any opposing rock
2027-01-25,midi,Noon Spark 20,DUMPRELEASE/###E#####P#/###B###S#E#/###B###A#E#/#M#L#T#N#D#/PIPEBAND#S#/#T#C#P#B#E#/#T#R###A#N#/#E#U###S#S#/#N#SUBZERO#/#S#H#####R#,"1. Delivery flaw where the thrower abruptly shoves the stone at release, losing the handle | 7. Bagpipe and drum corps traditionally leading championship finalists onto the ice | 8. Brine temperature range circulating beneath the concrete to maintain ice firmness",2. Gradual flattening of surface water droplets under the passage of heavy stones | 3. Radar or laser timing device tracking delivery velocity out of the hack | 4. Traditional sub-floor substrate commonly used in older rinks before concrete slabs | 5. Thermal fleece or leather handwear favored by front-end sweepers in cold sheds | 6. Soft-weight delivery aimed to bump a stationary rock back by only a few inches
2027-01-25,main,Crucible 20,##C########C###/##H###F####E###/##E###O#G##N#F#/#SLIDERFRICTION/##S###C#O##E#U#/##E###E#O##R#R#/##A#T###V##T#T#/BACKHOUSEWEIGHT/E#A#I###T##C#T#/E#R#R###R##K#H#/R#E#D###A####R#/J#Y#####C####O#/U###BLANK#DRAW#/G############E#/#GROOMINGMOWER#,6. Microscopic resistance generated between the Teflon shoe sole and frozen pebble | 8. Delivery calibrated with just enough force to glide to the rear half of the circles | 9. Scoreless frame intentionally played to retain last-stone advantage for the next end | 10. Shot delivered with just enough momentum to settle in the house without striking another stone | 11. Motorized ice machine equipped with revolving blades to trim pebble crowns,"1. Two-time Canadian women's national champion skip renowned for tactical poise | 2. Finesse bump shot intended to nudge a center-line guard toward the sidelines | 3. Defensive tactical success achieved by limiting the hammer team to a single point | 4. Depressed ice channel worn into pebble that steers stones along a fixed path | 5. Position player assigned to throw final stones when the skip plays elsewhere | 7. Rink position delivering rocks five and six, traditionally holding vice-skip duties | 8. Pitcher of ale traditionally purchased by the winning rink during post-game broomstacking"
2027-01-26,mini,Quick Solve 21,SHAVING/######R/D#####I/I###TAP/T#####P/COLDICE/H#####R,"1. Fine sliver of ice sheared from pebble peaks by the scraper knife during grooming | 4. Soft-weight delivery aimed to bump a stationary rock back by only a few inches | 5. Playing surface cooled below optimum temperature, creating heavy friction and less curl",2. Rubber slip-on cover protecting the sliding sole while walking across the sheet | 3. Recessed channel situated behind the backboard to collect out-of-play stones
2027-01-26,midi,The Daily Grid 21,##R########/LOUDPANTS#F/##N#####P#R/##N#####L#E/CHIEFUMPIRE/##N#####T#Z/##G####C##E/#SPEEDTRAP#/##A####O###/##T####W###/#SHEET#N###,"2. Colorful argyle and geometric trousers popularized by the Norwegian men's team in 2010 | 5. Head official responsible for resolving disputes, rules appeals, and timekeeping | 7. Pair of optical timing sensors measuring interval velocity across the hog line | 8. The complete rectangular strip of prepared ice between hack and backboard",1. Consistent ice lane conditioned and smoothed by repetitive stone passes | 3. Shot hitting an outside rock to nudge both stones into scoring territory | 4. Precision touch shot that comes to rest nestled flush against an opponent's stone | 6. Deliberate convex ice slope running down the center corridor to enhance lateral curl
2027-01-26,main,The Masterpiece 21,###SPLITCIRCLES/###########O##N/##B#PIN####N##O/##L#O##POINT##W/##A#I##E###R##P/SECOND#B#H#O##L/##K#T##B#E#L##O/H#G#S##L#E#W##W/A#R#C##E#L#E#S#/MEASURINGSTICK#/M#N#R##I#L#G#I#/E#I#L##P#I#H#P#/R#T#I##P#D#T###/##E#N##L#E#####/####G##E#R#####,1. Spreading counting rocks across both outer margins of the twelve-foot circle | 5. Central brass marker or screw hole drilled into the ice at the center of the button | 6. Basic scoring unit awarded for each counter closer to the pin than any opposing rock | 7. Rink member who delivers the team's third and fourth stones of an end | 11. Telescopic rod fitted with a dial gauge used to determine which stone is closer to the pin,2. Takeout velocity thrown with just enough momentum to hold line and preserve accuracy | 3. Prohibited sweeping motion where a broomhead is shoved flat across the ice sheet | 4. Specific igneous quarry rock prized for high density and impact resistance in stone bodies | 5. Historic individual competition testing execution across specialized curling shots | 6. Brass sprinkler nozzle screwed onto the pebbler tank to discharge water droplets | 8. Teflon pad mounted specifically beneath the heel of custom sliding footwear | 9. Advantage held by the team delivering the final stone of an end | 10. Team strategist who calls shots from the house and traditionally throws fourth
2027-01-27,mini,Morning Coffee 21,##S####/D#C##R#/I#R##U#/SLICING/H#B##N#/#YES#E#/##R##R#,4. Delicate throwing mechanic imparting an intentional outward release angle to manipulate curl | 5. Sweeping call confirming the rock is light and requires active brushing to carry,1. Drafting compass with adjustable marker arms used to outline concentric house circles | 2. Undesirable saucer-shaped low spot where water pools during the initial flooding phase | 3. High-velocity stone thrown to punch cleanly through guards and blast targets away
2027-01-27,midi,Midday Break 21,#######H###/##O##L#A#L#/BLUECIRCLE#/##T##G#K#A#/##TIGHTSIDE/##U##T#P###/##R##T#A###/##N##HACK##/##H##R#I###/##I#POINT##/##T##W#G###,5. The outermost twelve-foot circle painted blue in classic international houses | 6. Section of the sheet running exceptionally straight with very little hook | 7. Rubber-lined foothold embedded in the ice used to push off during delivery | 8. Basic scoring unit awarded for each counter closer to the pin than any opposing rock,1. Regulated distance between the left-handed and right-handed rubber footholds | 2. Counterclockwise rotation applied to a takeout delivery to remove an opponent's stone | 3. Delivery launched with insufficient force that stalls before reaching the rings | 4. Front-end player responsible for setting early guards and sweeping six stones per end
2027-01-27,main,Weekend Edition 21,##############B/##L########A##A/#TOPPEBBLE#N##C/##U#I######G##K/##N#V##P###L##R/HOGTOTEETIME##I/A#E#T##B###P##N/R###L##B###RING/D###E##L###O##W/#WEIGHTESTIMATE/#E#N###D###O##I/#I#T###E###T##G/#G#U###C###I##H/#H#RELEASEPOINT/#T#N###Y###N###,"4. The upper, smaller layer of frozen water beads sprayed directly over coarse base pebble | 7. Stopwatch duration tracking the deceleration phase of a rock from hog line to house center | 8. Any of the three circular boundaries that establish scoring territory in the house | 9. Spoken assessment called by sweepers informing the skip of a stone's running speed | 11. Precise instant along the slide trajectory where the thrower lets go of the handle",1. Draw momentum calibrated to come to rest on the outer twelve-foot rear margin | 2. Clubhouse viewing room where spectators and curlers watch games through glass panels | 3. Striking an offset guard at an angle to drive it diagonally into counting position | 5. Trailing limb tucked underneath the torso to provide stability throughout the sliding phase | 6. Progressive erosion of frozen pebble crowns under the passage of heavy stones | 7. Urgent vocal directive bellowed by the skip demanding maximum downward brush force | 9. Speed and forward force imparted to a stone during the slide and release | 10. Clockwise rotation imparted on a stone by a right-handed thrower
2027-01-28,mini,Brain Snack 21,##STICK/##O###E/CLUBICE/##R###N/##I###I/##C###C/STEAL#E,1. Assisted delivery device permitted for recreational play and wheelchair competition | 3. Dedicated permanent sheet ice maintained for seasonal league play by community clubs | 4. Scoring one or more points in an end when not holding last-stone advantage,"1. On-ice slang for soft, degraded surface conditions late in a marathon tournament | 2. Low-friction surface conditions where stones glide effortlessly with minimal push"
2027-01-28,midi,Brain Teaser 21,##T#T######/ICESEAL####/##E#X##D###/##T#THIRD##/##O#U##A###/PETERDEWIT#/##E#E######/#DEEPGUARD#/####A######/#BRADGUSHUE/###########,"3. Micro-thin water spray applied over painted circles to lock colors into place | 5. Rink position delivering rocks five and six, traditionally holding vice-skip duties | 6. Pioneering European curling builder, trainer, and international coaching figure | 7. Stone positioned barely above the twelve-foot circle, close to counting rocks | 8. Newfoundland skip who captured 2006 Olympic gold and multiple Canadian Brier titles",1. Speed measurement timed between the delivery tee line and the distant receiving tee line | 2. Abrasive diamond pad used by ice technicians to scratch slick ice before pebbling | 4. Touch shot delivered to come to rest inside the rings without hitting another stone
2027-01-28,main,Brain Bender 21,P#########S####/O######L##H##P#/PEEL###A##O##I#/P######S##T##C#/I##BATTERYPACK#/N######R##E####/G##T###L##R####/T##A###I##C####/H##K#B#N##E####/E##E#ICECANOPY#/R##O#T#A##T####/O##U#E#T##A####/CENTERLINEGUARD/K######O##E####/#BLUEHONE######,5. High-velocity strike engineered to remove a target guard while spinning the shooter out of play | 6. Internal power supply enclosed inside electronic sensor handles | 9. Structural arena ceiling directly above the sheets that radiates ambient heat downward | 10. Shielding stone coming to rest precisely along the longitudinal axis of the sheet | 11. Water-resistant microgranite harvested from Scotland used specifically for stone running edges,"1. Jerking the delivery handle abruptly upon release, inducing hop and loss of line | 2. Official statistical grading awarding zero to one hundred points per shot | 3. Diagnostic tool projecting calibrated light lines across sheets to reveal ice dips | 4. Disaster shot where a traveling rock encounters ice debris and veers sharply off line | 7. Heavy-weight delivery intended to remove an opposing stone from play | 8. Stone that barely touches the outer twelve-foot margin of the house"
2027-01-29,mini,Commuter Special 21,###WICK/######N/D#####E/RUNTIME/I#####P/F#####A/TANKARD,1. Glancing deflection off a stationary rock used to angle the shooter into position | 4. The total elapsed seconds a thrown stone takes from hack release to complete rest | 5. The prestigious silver trophy hoisted annually by Canadian Brier champions,2. Cushioned guard strapped to the trailing knee by curlers who slide low to the ice | 3. Unintended lateral displacement of a stone caused by minor sloping in the ice floor
2027-01-29,midi,Perfect Puzzler 21,########T#P/###F#G##H#I/###R#A##E#N/#BROOMSTRAP/#L#S#E##M#O/#U#T#T##A#I/#E###I##L#N/#H###M##L#T/#O###I##E##/INTURNDRAW#/#E###G##K##,5. Wrist tether fitted to brush shafts to prevent dropped brooms from sliding down ice | 6. Clockwise touch delivery curving into the house to come to rest as shot rock,1. Uninsulated wall seam or doorway allowing warm drafts to degrade perimeter pebble | 2. Survey mark drilled into the base floor denoting the dead center of the house rings | 3. Airborne humidity crystalizing on the ice surface that creates drag and slows rocks | 4. Allotted thinking-clock system penalizing rinks that exceed time budgets | 5. Impermeable microgranite variant preferred for stone running bands due to low water absorption
2027-01-29,main,The Grand Grid 21,#H###########C#/#O#######H#S#O#/#GLYCOLCHILLER#/#G#######D#I#T#/CENTERBURIED#I#/#D#######N#E#N#/#########G#R#A#/RUNWAY###B###D#/###A#####E###A#/SPIRITOFTHEGAME/#I#M#####I###P#/#C#ROTARYNIPPER/#K#O#####D###Z#/###O#########Z#/#HUMIDITYSENSOR,"5. Refrigeration unit chilling ethylene or propylene glycol circulated under floors | 6. Scoring rock resting on the button completely concealed behind center guards | 7. Pebbled corridor down the sheet continually smoothed by consecutive stone paths | 9. Guiding code emphasizing sportsmanship, honesty, and self-policing of fouls | 11. Powered circular blade machine used by arena technicians to shear pebble crowns | 12. Ceiling hygrometer monitoring ambient moisture levels to prevent sheet frost",1. Violation called when a delivered rock fails to completely clear the far hog line | 2. Iconic Italian mountain venue scheduled to host 2026 Olympic curling events | 3. Deliberately playing a touch draw to tuck fully behind an opponent's guard | 4. Teflon or stainless-steel sole worn on the sliding foot during delivery | 8. Comfortable heated gallery overlooking the refrigerated ice sheets | 10. Disaster shot where a traveling rock encounters ice debris and veers sharply off line
2027-01-30,mini,Fast Five 21,#INOFF#/###U##S/FASTICE/###T##C/R##U##O/U##R##N/BURNT#D,"1. Difficult carom shot where the shooter glances off an outside stone to ricochet into the house | 4. Condition where stones glide exceptionally far with minimal effort, requiring less push | 6. Infraction called when a player or equipment makes accidental contact with a stone in motion","2. Counterclockwise rotation imparted on a stone by a right-handed thrower | 3. Rink member who delivers the team's third and fourth stones of an end | 5. Gentle, incidental deflection off a stationary rock that barely changes the shooter's line"
2027-01-30,midi,Coffee Break 21,#PEBBLECAN#/####A#####P/L#SPIEL###O/O###L#####C/U#SHOTCLOCK/N###U#####E/GRIPTAPE##T/E###S#A####/#LIGHTTHROW/####O#C####/HEADTOHEAD#,1. Handheld copper container used for manual water droplet application in older clubs | 5. Colloquial abbreviation for a weekend or multi-day curling tournament | 6. Digital timer displaying remaining seconds for a team to complete its delivery cycle | 7. Textured tacky adhesive wrapped around carbon broom shafts for hand traction | 9. Delivery launched with insufficient force that stalls before reaching the rings | 10. Primary round-robin tiebreaker comparing results between tied rinks,"2. Clutch, high-difficulty recovery delivery played to rescue a compromised end | 3. Protected scoring zone nestled directly behind an established pair of guards | 4. Clubhouse viewing room where spectators and curlers watch games through glass panels | 8. Embroidered fabric crest sewn onto competition jackets celebrating tournament appearances"
2027-01-30,main,Heavy Hitter 21,##I##########A#/##C##HITANDROLL/##E#S########B#/ROTATIONALSPEED/##H#E########R#/##E#A#ALTERNATE/##R#L########A#/##M##########C#/#DOUBLEKNOCKOUT/##C##########R#/#HOTWATERPEBBLE/##U########L#I#/##PINEROLO#A#N#/##L########N#G#/#HEAVIERROCK###,"3. Shot that strikes a target stone and caroms across the sheet behind cover | 5. Rate of angular rotation completed by a delivered stone as it travels down ice | 6. Fifth player on an elite roster permitted to substitute between ends or games | 7. Championship draw system permitting one loss before dropping to the B-event | 8. Droplets applied near boiling temperatures yielding dense, shatter-resistant ice beads | 10. Italian alpine town that hosted the 2006 Olympic curling tournaments | 11. Stone with a coarse running surface that demands increased pushing force",1. Electronic probe embedded within the ice to measure sub-surface temperatures | 2. Curling powerhouse home to multi-time world champions Kevin Martin and Randy Ferbey | 4. Scoring points in an end when not in possession of the hammer | 9. Scoreless frame intentionally played to retain the last-stone advantage into the next end
2027-01-31,mini,Bite-Sized 21,RUNBACK/###A#R#/TOECOAT/###K#D#/###E#L#/#SINKER/###D###,1. Takeout executed by driving a guard rock back into a stone resting in the house | 4. Durable polyurethane layer painted over the trailing shoe to reduce sliding drag | 5. Delivery that unexpectedly loses its rotational curl and drives straight past the target,2. Collective term for the third and skip who dictate strategy and play final stones | 3. Metal holding rack positioned behind the back line to store stones not in play
2027-01-31,midi,The Interlock 21,#######S##H/#ICESEAL##I/##H####I##T/##A#S##D##A/##LOCHLEVEN/##K#O##R##D/##B#T#####S/FROSTPOCKET/##A#I#####A/#GREENHONEY/##D#S######,3. Micro-thin water spray applied over painted circles to lock colors into place | 6. Historic Scottish body of water famous for hosting open-air Grand Matches | 7. Localized depression on a sheet where ambient humidity condenses into frost | 8. Ailsa Craig granite variant predominantly utilized for stone body inserts due to durability,1. Slick material fixed beneath the sliding shoe to reduce friction during delivery | 2. Takeout delivery that completely eliminates the target stone while remaining in place | 4. Historic club wall scorekeeper used before the advent of digital flip displays | 5. Canadian women's national championship sponsored for decades by Kruger Products
2027-01-31,main,The Omnibus 21,##S###########B/##U#T###H#####R/CURLINGHOODIE#O/U#F#C###G#####O/R#A#K###LIP###M/L#C#####I###W#P/ICEREADINGSKILL/N#T###I#E#P#D#A/G#E###V#S#L#E#C/J#N###O#E#I#S#E/A#S###T#N#T#I#M/C#I#####S###D#E/K#O#COMMONGREEN/E#N#####R#####T/T##############,5. Thermal technical pullover worn by modern competitive curlers during games | 6. Raised ridge or imperceptible contour variation in the ice surface that alters rock travel | 8. The mental ability to diagnose sheet drift and anticipate pebble wear patterns | 11. Ailsa Craig granite variety renowned for high structural density in stone bodies,1. Physical water property determining droplet profile and height when pebbling | 2. Target aim point held on the ice sheet by the skip to guide the thrower's line | 3. Delicate carom shot that displaces a center guard toward the wings without knocking it out | 4. Magnetic or optical system installed inside the stone handle to police release fouls | 5. Insulated zip-front team outerwear displaying national or provincial logos | 7. Section of the sheet displaying pronounced lateral swing and aggressive curl | 9. Gouge in the sheet surface caused by an accidental stone drop or equipment strike | 10. Shot hitting an outside rock to nudge both stones into active scoring positions
2027-02-01,mini,Micro Grid 21,#####T#/CHANNEL/O####E#/A#PEEL#/C#I##I#/HOTHAND/#####E#,2. Groove gradually worn into pebble by repeated stones tracking the identical path | 3. High-velocity strike engineered to remove a guard while removing the shooter itself | 4. Colloquial term for a skip or thrower executing nearly one hundred percent of their shots,1. Stripe traversing the sheet exactly through the center of each house | 2. Bench tactician permitted to consult with players during designated timeouts | 3. Recessed ice trough behind the hacks designed to catch excess pebble water and melt
2027-02-01,midi,Noon Spark 21,##E###D###C/TEXTILELOGO/A#T###L###R/P#R#SLIDE#N/W#A###V###E/E#FIVEENDER/I#R###R###S/G#A###Y#TAP/H#M#######L/T#E#######I/####NOSEHIT,"4. Porous fabric emblem frozen between ice coats to display corporate event sponsors | 5. Forward glide out of the hack that establishes the stone's initial velocity | 6. Rare five-point explosion that nearly insurmountable damage inflicts on opponents | 7. Soft-weight delivery aimed to bump a stationary rock back by only a few inches | 8. Strike where the shooter contacts the target stone dead-center, killing momentum",1. Alternative terminology for an overtime end required to resolve a tied score | 2. The complete biomechanical motion of sliding and releasing a stone from the hack | 3. Tactical play directing stones into opposite wings to split the opponent's focus | 4. Delicate delivery velocity calibrated to nudge a stationary rock back by a foot or two
2027-02-01,main,Crucible 21,#####R####C#S##/####CURL##H#T#C/###M#B#A##I#R#H/###O###T##P#A#A/#PIVOTMECHANISM/###E###H##N#G#O/###D###O##D#H#N/###O###O##R#T#I/#TAPBACK##O#L#X/###P######L#I##/##COURTESYLINE#/###N########E##/##TEFLONDISC###/###N###########/CONTINENTALCUP#,4. The lateral curved trajectory traveled by a stone as its rotational speed decays | 8. Universal swivel coupling linking the broomhead to the handle for directional control | 9. Delicate bump shot that nudges an opponent's rock deeper into the rings | 10. Boundary marking on side boards indicating clearance limits for out-of-play stones | 11. Replaceable circular sliding puck recessed into custom curling shoe outsoles | 12. Annual team competition matching North American rinks against the rest of the world,"1. Gentle, incidental deflection off a stationary rock that barely changes the shooter's line | 2. Precision strike that clips the outer edge of a target stone to spin behind cover | 3. Initial direct vector tracked by a thrown rock before deceleration triggers curl | 5. Dramatic, sharp lateral curl occurring during the final three feet of deceleration | 6. French alpine host city of the inaugural 1924 Olympic curling competition | 7. Opposing stone repositioned by the non-offending skip after a burnt-rock foul"
2027-02-02,mini,Quick Solve 22,##K#E#C/SPINNER/T#C#D#O/E#K###W/A#O###N/L#F####/#OFF###,4. Stone thrown with excessive rotation that fails to curl and tracks straight | 5. Directive shouted to sweepers to instantly cease brushing and step off the line,"1. The explosive initial drive of the hack foot that powers the delivery slide | 2. Curling equivalent of an inning, consisting of sixteen stones delivered alternately | 3. Deliberate convex ice slope running down the center corridor to enhance lateral curl | 4. Scoring one or more points in an end when not holding last-stone advantage"
2027-02-02,midi,The Daily Grid 22,SCOREBOARD#/#####A#R###/I####L#RING/C#P##A#O###/E#I##N#W###/D#N##C#P###/UMPIREGAUGE/S#O##C#T###/T#I##A#H###/##N##N#####/MATCHEDPAIR,1. Wall display presenting progressive end-by-end points and cumulative match totals | 5. Any of the three circular boundaries that establish scoring territory in the house | 7. Feeler tool used by tournament referees to verify legal stone clearance under the hog line | 8. Two stones allocated to an individual player exhibiting identical curl and speed,2. Stability crutch gripped in the non-throwing hand to aid slide balance | 3. Theoretical dead-straight vector traveled by a completely unspun delivered stone | 4. Microscopic frozen particles scraped up by heavy brushing or hard sliding stops | 6. Survey mark drilled into the base floor denoting the dead center of the house rings
2027-02-02,main,The Masterpiece 22,#DEBRIS######P#/####O##F##J##E#/#CLUTTER##O##R#/####A##O##H##I#/####T##S##N##M#/READINGTHESHEET/####O##L##H##T#/####N##I#RUB#E#/#ICEAGING#S##R#/####L##E##T##B#/####D#####E##O#/#WIDECORNERDRAW/####C########R#/####A########D#/####Y##MITTENS#,"1. Stray brush hairs or dirt on the sheet that pose a hazard for moving stones | 6. Tactical condition featuring numerous stones congested in and around the house | 7. Diagnostic practice of tracking stone tracks during pre-game warmups | 8. Gentle, incidental deflection off a stationary rock that barely changes the shooter's line | 9. Gradual smoothing and deterioration of ice pebble over ten frames of heavy competition | 10. Precision shot curling from outside the sidelines into the back four-foot | 11. Thermal fleece or leather handwear favored by front-end sweepers in cold sheds",2. Gradual deceleration of a stone's spinning rate as it nears its final rest | 3. Exterior arena walls bounding the refrigerated ice pad and spectator walkways | 4. Thickness threshold measured on outdoor lochs to ensure ice safety for bonspiels | 5. American skip who rallied his squad from elimination to win 2018 Olympic gold
2027-02-03,mini,Morning Coffee 22,###HACK/S####A#/L####R#/A#HEAVE/S####I#/HOGLINE/#####G#,1. Foothold embedded into the ice from which deliveries are launched | 4. Severe upward buckling of arena floors caused by freezing subterranean ground moisture | 5. Transverse boundary stone must cleanly clear without stopping to stay in play,2. Advanced sweeping technique orienting brush angles to actively steer stone curl | 3. High-velocity takeout aimed across an angle to eliminate two stones separated laterally
2027-02-03,midi,Midday Break 22,##T##O#####/##R##F##S##/##E##F##P##/##M##T##I##/#TOUCHLINE#/##L##E##N##/##I##B##E#S/OUTTURNDRAW/##E##O####E/####COLDICE/#####M####P,"4. Boundary line separating the legal ice playing area from the side ditches | 6. Counterclockwise touch delivery curving into the house to come to rest as shot rock | 7. Playing surface cooled below optimum temperature, creating heavy friction and less curl",1. Fibrous mineral naturally embedded within Ailsa Craig granite matrices | 2. Delivery error where the thrower releases the handle wide or tight of the intended mark | 3. Stone thrown with excessive rotation that fails to curl and tracks straight | 5. Vigorously work the broom ahead of a moving rock to hold its line and carry distance
2027-02-03,main,Weekend Edition 22,##HEAVYPEBBLE##/#####A#R#####D#/POWERPLAYOPTION/#####O#C#####U#/###W#R#T#####B#/###I#B#I###G#L#/SANDRASCHMIRLER/###E#R#E#E#I#G#/#####R#S#A#P#R#/#LOWSIDE#S#P#I#/###E#E#S#U#E#P#/PORT#R#S#R#R#P#/###I##BITER##E#/###C###O#####R#/###E###N#######,1. Water droplet application using coarse spray to construct durable base pebble | 5. Mixed doubles rule permitting a team to shift pre-placed stones to corner lanes | 8. Iconic Saskatchewan skip who won three world titles and the 1998 Olympic gold | 10. The downhill side of a sloped sheet where moving stones slide away and fall off line | 12. Narrow corridor between two stationary stones through which a delivered rock must pass | 13. Stone that barely grazes the outer twelve-foot margin of the house,"2. Heavy polyethylene membrane under concrete blocking subterranean ground moisture | 3. Designated pre-game warmup window allowing teams to test sheet curl and speed | 4. Wearing non-slide rubber overshoes on both feet, typical for umpires and coaches | 6. Delivery that tracks outside the skip's target broom, often struggling to curl back in time | 7. Rubber slip-on cover protecting the sliding sole when moving across the ice between shots | 9. Brass mechanical gauge deployed by the umpire to resolve stones equidistant from the pin | 11. Degraded playing surface with standing water pooling on pebble, causing extreme drag"
2027-02-04,mini,Brain Snack 22,##WHOA#/##A###C/SCRAPER/##M###A/##I###D/##C###L/#PEBBLE,1. Instruction to stop brushing and allow natural friction to curve the moving rock | 3. Precision conditioning machine fitted with micro-adjustable blades to level the sheet | 4. Droplets of water sprayed onto the ice sheet that freeze into rounded nubs,1. Surface running close to freezing temperature that softens pebble and slows rock glide | 2. Metal holding rack positioned behind the back line to store stones not in play
2027-02-04,midi,Brain Teaser 22,#G#S#LSD###/#U#P##L####/PAGEPLAYOFF/#R#E##S#N#R/#D#D##H#E#E/###R####P#E/R##U####O#Z/A##N####I#E/I##N####N##/SIXENDMATCH/E##R#######,3. Common tournament abbreviation for the Last Stone Draw shootout preceding each draw | 5. Championship system giving the top two seeds two opportunities to reach the final | 9. Accelerated game format utilized in wheelchair leagues and youth developmental events,1. Rock deliberately positioned between the hog line and house to shield a scoring path | 2. Individual rock in a matched set that consistently glides faster than its mate | 4. High-velocity takeout aimed across an angle to eliminate two stones separated laterally | 6. The baseline score awarded when a single stone beats all opposing rocks in the house | 7. Mastery shot that draws directly to touch an opponent's rock without displacing it | 8. Shot that bumps a stationary rock forward along its path toward the button
2027-02-04,main,Brain Bender 22,#G####S####O#D#/CURL##T####P#E#/#A####R####E#F#/#R####E####N#L#/#D#CENTERWEDGE#/#I####C####R#C#/#N###THIRD#A#T#/#G####P####W#I#/#T####A#S####O#/THROWINGPERCENT/#E####T#L####A#/#P#BONSPIELPIN#/#I######T##I#G#/#N#########T#L#/############YES,"5. The lateral curved trajectory traveled by a stone as its rotational speed decays | 6. Tightly clustered pack of stones wedged directly along the center line | 7. Rink position delivering rocks five and six, traditionally holding vice-skip duties | 9. Individual statistical rating averaging all shot execution scores across a match | 10. Commemorative enamel souvenir traded between competing curlers at weekend bonspiels | 12. Sweeping call confirming the rock is light and requires active brushing to carry","1. Stationing a stone directly on the center line to block access to the button | 2. Flexible athletic trousers designed to allow deep, unrestricted sliding lunges | 3. Delivery to an unobstructed house played when no guards impede the target path | 4. Resulting vector followed by the shooting rock after an off-center collision | 8. Shot that hits a stationary stone to nudge both rocks into scoring positions | 11. Recessed ice trough behind the hacks designed to catch excess pebble water and melt"